1	大雪ダム	1.1 	大雪ダム管理支所	"9:00～17:00
（土・日・祝日を含む）"	北海道	上川郡上川町字層雲峡大学平	http://www.as.hkd.mlit.go.jp/taidam/
2	忠別ダム	1.1 	忠別ダム管理支所　	"9:00～17:00
（土・日・祝日を含む）"		上川郡東川町ノカナン	http://www.as.hkd.mlit.go.jp/tyuudam/index.htm
3	金山ダム	1.1 	金山ダム管理支所	"9:00～17:00
（土・日・祝日を含む）"		空知郡南富良野町字金山	http://www.sp.hkd.mlit.go.jp/kasen/08isiken/02genba/44kanayama/index.html
4	滝里ダム	1.1 	滝里ダム管理支所	"9:00～17:00
（土・日・祝日は16:00迄）"		芦別市滝里町６８３	http://www.sp.hkd.mlit.go.jp/kasen/08isiken/02genba/41takisato/index.html
5	桂沢ダム	1.1 	桂沢ダム管理支所	"9:00～17:15
（土・日・祝日を含む）"		三笠市桂沢	http://www.sp.hkd.mlit.go.jp/kasen/08isiken/02genba/42katura/index.html
6	漁川ダム	1.1 	漁川ダム管理支所　	"８:30～17:15
（土・日・祝日を含む）"		恵庭市漁平	http://www.sp.hkd.mlit.go.jp/kasen/08isiken/02genba/43izari/index.html
7	豊平峡ダム	1.1 	豊平峡ダム管理支所	"9:00～16:30（土・日・祝日を含む）
（5月上旬～10月下旬）"		札幌市南区定山渓７区	http://www.sp.hkd.mlit.go.jp/kasen/08isiken/02genba/26damtokan/index.html
			資料室	"9:00～16:30（平日のみ）
（5月上旬～10月下旬）"		札幌市南区定山渓７区	http://www.sp.hkd.mlit.go.jp/kasen/08isiken/02genba/26damtokan/index.html
8	定山渓ダム	1.0 	定山渓ダム管理支所	"9:00～17:00
（平日のみ）"		札幌市南区定山渓８区	http://www.sp.hkd.mlit.go.jp/kasen/08isiken/02genba/26damtokan/index.html
			下流園地（ダム資料館）	"9:30～16:00（土・日・祝日を含む、月曜日休館　※月曜日が休日の場合は翌日休館）
（5月上旬～11月上旬）"			
9	岩尾内ダム	1.1 	岩尾内ダム管理支所	"9:00～17:00
（土・日・祝日を含む）"		士別市朝日町岩尾内	http://www.as.hkd.mlit.go.jp/iwaodam/index.html
10	鹿ノ子ダム	1.1 	鹿ノ子ダム管理支所	9:00～17:00（土・日・祝日を含む）		常呂群置戸町字常元	http://www.ab.hkd.mlit.go.jp/kasen/kanoko/index.html
11	十勝ダム	1.1 	十勝ダム管理支所	"9:00～17:00
（土・日・祝日を含む）「土・日・祝日は門の脇にあるインターホンを押してください」"		上川郡新得町字屈足トムラウシ	http://www.ob.hkd.mlit.go.jp/hp/tokachidam_hp/index.html
12	札内川ダム	1.1 	札内川ダム管理支所	"8:30～17:00（土・日・祝日を含む）
（雨、雪等で通行止めの日もあり、配布できない場合もあります）"		河西郡中札内村南札内７３５－２	http://www.ob.hkd.mlit.go.jp/hp/satsudam_hp/index.htm
13	二風谷ダム	1.1 	二風谷ダム管理所	"8:30～17:15
（土・日・祝日・12/2９～１／３を除く）"		沙流郡平取町字二風谷２４－４	http://www.mr.hkd.mlit.go.jp/mrken_works/chisui/sarugawa_sougoukaihatsu/sarugawa_sougoukaihatsu/index.html
			沙流川歴史館	"9:00～16:30（土・日・祝日を含む）
（休館日：月曜日。ただし、月曜日が祝日の場合は、その翌日。年末年始は12月３０日～1月５日。）"		沙流郡平取町字二風谷２２７－２	
14	美利河ダム	1.1 	美利河ダム管理支所	"8:30～17:15（土・日・祝日を含む）
（土・日・祝日は正面入口左側のインターホンを押して下さい。）"		瀬棚郡今金町字美利河	http://www.hk.hkd.mlit.go.jp/water/pirika/
15	留萌ダム	1.0 	留萌ダム管理支所	9:00～17:00（土・日・祝日を含む（５月中旬～10月下旬））		留萌市大字留萌村字チバベリ3692	http://www.rm.hkd.mlit.go.jp/kasen/dam/index.html
16	夕張シューパロダム（建設中）	1.0 	夕張シューパロダム総合建設事業所	9:00～17:00（土・日・祝日・年末年始除く）		夕張市南部東町	http://www.sp.hkd.mlit.go.jp/kasen/08isiken/02genba/33yubari/index.html
			夕張シューパロダム管理棟	9:00～17:00（土･日･祝日を含む（年末年始を除く））		夕張市南部青葉町	
17	浅瀬石川ダム	1.0 	浅瀬石川ダム管理所	"8:30～17:00
（土・日・祝日を含む）
※土日祝日は、管理所の門の脇にあるインターホンを押してください。"	青森県	青森県黒石市大字板留字杉の沢２番地	http://www.thr.mlit.go.jp/aseishi/
18	田瀬ダム	1.0 	田瀬ダム管理支所	"8:30～17:00（土・日・祝日を含む）
※土日祝日は正面玄関の脇にあるインターホンを押して下さい。"	岩手県	岩手県花巻市東和町田瀬39-1-3	http://www.thr.mlit.go.jp/kitakato/
19	四十四田ダム	1.0 	"北上川ダム統合管理事務所
（四十四田ダム）"	"8:30～17:00（土・日・祝日を含む）
※土日祝日は正面玄関の脇にあるインターホンを押して下さい。"		岩手県盛岡市下厨川字四十四田１　	http://www.thr.mlit.go.jp/kitakato/
20	御所ダム	1.0 	御所湖管理所	"8:30～17:00（土・日・祝日を含む）
※土日祝日は正面玄関の脇にあるインターホンを押して下さい。"		岩手県盛岡市繋字山根192-4	http://www.thr.mlit.go.jp/kitakato/
21	湯田ダム	1.0 	湯田ダム管理支所	"8:30～17:00（土・日・祝日を含む）
※土日祝日は正面玄関の脇にあるインターホンを押して下さい。"		岩手県和賀郡西和賀町杉名畑44地割162-15	http://www.thr.mlit.go.jp/kitakato/
22	胆沢ダム	3.0 	胆沢ダム管理支所	"8:30～17:00（土・日・祝日を含む）
※土日祝日は正面玄関の脇にあるインターホンを押して下さい。"		岩手県奥州市胆沢区若柳字横岳前山６	http://www.thr.mlit.go.jp/kitakato/
23	釜房ダム	1.0 	釜房ダム管理所	"8:30～17:00（土・日・祝日を含む）
（但し、年末年始12月29日～1月3日を除く）"	宮城県	宮城県柴田郡川崎町大字小野字大平山10-6	http://www.thr.mlit.go.jp/kamafusa/
24	鳴子ダム	1.1 	鳴子ダム管理所	"8:30～17:００
（土・日・祝日を含む）
（但し、年末年始（１２／２９～１／３）を除く）"		宮城県大崎市鳴子温泉字岩渕2-8	http://www.thr.mlit.go.jp/naruko/
25	七ヶ宿ダム	1.0 	七ヶ宿ダム管理所	"9:00～17:45（平日）
10:00～17:00（土・日・祝日）（但し、年末年始（12/29～1/3）を除く ）
※土日祝日は、展示室内にあるインターホンを押してください。"		宮城県刈田郡七ヶ宿町字切通52-40	http://www.thr.mlit.go.jp/shichika/
26	玉川ダム	1.1 	玉川ダム管理所	"8:30～17:00
（土・日・祝日を含む）
※土日祝日は、管理所正面玄関の脇にあるインターホンを押してください。"	秋田県	秋田県仙北市田沢湖玉川字下水無92	http://www.thr.mlit.go.jp/tamagawa/
27	森吉山ダム	1.1 	森吉山ダム管理支所	"8:30～17:15
（土・日・祝日を含む）
※土日祝日は、管理支所正面玄関の脇にあるインターホンを押してください。"		秋田県北秋田市根森田字姫ヶ岱３１	http://www.thr.mlit.go.jp/noshiro/kasen/moriyoshi/
			森吉山ダム広報館	"9:00～16:30（土・日・祝日を含む）
※休館日：毎週水曜日及び冬期間（12月～3月）"			
28	月山ダム	1.1 	月山ダム管理所	9:00～16:00（土・日・祝日を含む）　　　　※12月～3月は平日のみ	山形県	山形県鶴岡市上名川字東山8-112	http://www.thr.mlit.go.jp/gassan/
29	寒河江ダム	1.0 	"最上川ダム統合管理事務所
（寒河江ダム）"	9:00～16:00（土・日・祝日を含む）		山形県西村山郡西川町大字砂子関158	http://www.thr.mlit.go.jp/mogami/
30	白川ダム	1.0 	白川ダム管理支所	9:00～16:00（土・日・祝日を含む）		山形県西置賜郡飯豊町大字高峰字栗梨沢4215	http://www.thr.mlit.go.jp/mogami/
31	長井ダム	1.0 	長井ダム管理支所	9:00～16:00（土・日・祝日を含む）		山形県長井市平野字北脇ノ沢４１６４－９	http://www.thr.mlit.go.jp/mogami/
32	管野ダム	1.0 	長井ダム管理支所	9:00～16:00（土・日・祝日を含む）		山形県長井市平野字北脇ノ沢４１６４－９	"http://www.thr.mlit.go.jp/mogami/　　（長井ダムHP）
http://www.pref.yamagata.jp/ou/kendoseibi/180006/damkanri/info-kannodam-damcard.html　　（山形県HP）"
33	横川ダム	1.0 	キテクロ館及び横川ダム管理支所	"9:00～17:00
（土・日・祝日を含む）"		山形県西置賜郡小国町大字綱木箱口736	http://www.hrr.mlit.go.jp/uetsu/index.html
34	荒沢ダム	1.0 	"庄内総合支庁
荒沢ダム管理課"	"9:00～1６:00
（土・日・祝日を除く）"		山形県鶴岡市荒沢字狩篭１４５	http://www.pref.yamagata.jp/ou/sogoshicho/shonai/337081/damucard/damucard.html
35	高坂ダム	1.0 	"最上総合支庁
高坂ダム管理課"	"9:00～1６:00
（土・日・祝日・年末年始を除く）"		山形県最上郡真室川町大字差首鍋２０３５	http://www.pref.yamagata.jp/ou/sogoshicho/mogami/314076/
36	蔵王ダム	1.0 	蔵王ダム管理所	"１０:00～1５:３0
（土・日・祝日・年末年始を除く）"		山形県山形市上宝沢字葉の木沢地内	http://www.pref.yamagata.jp/ou/sogoshicho/murayama/301077/copy_of_zaodamu.html
37	木地山ダム	1.0 	木地山ダム管理所	10:00～16:00（土・日・祝日及び12月から翌年５月までの冬期閉鎖期間は除く）		山形県長井市寺泉字桶沢４２９７	http://www.pref.yamagata.jp/ou/sogoshicho/okitama/326080/kijiyamadam_card.html
38	三春ダム	1.0 	三春ダム管理所	"8:30～17:00
（土・日・祝日を含む）（但し、年末年始12月29日～1月3日を除く）"	福島県	福島県田村郡三春町大字西方字中ノ内403-4	http://www.thr.mlit.go.jp/miharu/
39	摺上川ダム	1.0 	摺上川ダム管理所	"9:00～16:30（土・日・祝日を含む）
（但し12月29日～1月3日を除く）"		福島県福島市飯坂町茂庭字蝉狩野山25	http://www.thr.mlit.go.jp/surikami/
40	大川ダム	1.1 	大川ダム管理支所	9:00～16:30（土・日・祝日を含む）		福島県会津若松市大戸町大字大川字李平乙121	http://www.hrr.mlit.go.jp/agagawa/
41	日中ダム	1.0 	"大峠・日中総合管理事務所
（日中ダム管理所）"	"8:30～17:00
（土・日・祝日・年末年始を除く）"		福島県喜多方市熱塩加納町熱塩字オソバ丙1451-3	http://www.pref.fukushima.lg.jp/sec/41353a/nittyuutop.html
42	大内ダム	1.0 	下郷展示館	"9:00～16:30
（土・日、祝祭日、5月1日、12月1日～3月31日は除く）"		福島県南会津郡下郷町大字小沼崎字黒倉乙1054-1	http://www.jpower.co.jp/damcard/ouchi.html
43	田子倉ダム	1.0	"只見展示館
（冬季：田子倉電力所）"	"9:00～16:30
休館日：毎週水曜日
※冬期休館期間（11月中旬～4月下旬）は田子倉電力所で配布します。詳細はウェブサイトをご参照下さい。"		"只見展示館：南会津郡只見町大字只見字後山2476-230
田子倉電力所（冬季）：南会津郡只見町大字只見字新屋敷1604番地
"	http://www.jpower.co.jp/damcard/tagokura.html
44	四時ダム	1.0 	四時ダム管理所	"8:30～16:30
（土・日・祝日を含む）"		福島県いわき市川部町大沢１６９－１	http://www.pref.fukushima.lg.jp/sec/41383a/
45	高柴ダム	1.1 	高柴ダム管理所	"8:30～17:00
（土・日・祝日を含む）"		福島県いわき市田人町旅人字井戸沢227-11	http://www.pref.fukushima.lg.jp/sec/41383a/
46	小玉ダム	1.0 	小玉ダム管理所	"8:30～17:00
（土・日・祝日・年末年始を除く）"		福島県いわき市小川町高萩字釜ノ前1-25	http://www.pref.fukushima.lg.jp/sec/41380a/kodamadam-top.html
47	東山ダム	1.0 	東山ダム管理所	"8:30～17:00
（土・日・祝日・年末年始を除く）"		福島県会津若松市東山町大字湯本字境沢山３３４－２	http://www.pref.fukushima.lg.jp/sec/41340a/www-wakamatsu-kensetsu234.html
48	真野ダム	1.0 	真野ダム管理所	"9:30～16:30
（土・日・祝日を含む）"		福島県相馬郡飯舘村大倉字松ｹ平582	http://www.pref.fukushima.lg.jp/sec/41370a/soso20124.html
49	田島ダム	1.0 	南会津建設事務所	"8：30～17：00
（土・日・祝日・年末年始を除く）"		福島県南会津郡南会津町田島字根小屋甲４２７７－１　南会津合同庁舎３階	http://www.pref.fukushima.lg.jp/sec/41360a/tajimadamu.html
50	堀川ダム	1.0 	堀川ダム管理所	"9:00～17:00
（土・日・祝日・年末年始を除く）"		福島県西白河郡西郷村大字真船字横川１８０－４	http://www.pref.fukushima.lg.jp/sec/41330a/damukengakukai.html
51	こまちダム	1.0 	こまちダム管理所	"管理所１０:00～1５:00　　　　　　　　　　　　　小野町8:30～17:00
（土・日・祝日及び年末年始を除く）"		福島県田村郡小野町大字菖蒲谷字堂田４６－２１	http://www.pref.fukushima.jp/kenchu/kensetsu/office/komati-miharu/komati-top/komati-top.html
52	木戸ダム	1.0 	木戸ダム管理所	"8:30～16:30
（土・日・祝日・年末年始を除く）"		福島県双葉郡楢葉町大字上小塙字ｼﾍﾞｿﾌ1	http://www.pref.fukushima.lg.jp/sec/41371a/kidodamukanri.html
53	竜神ダム	1.0 	竜神ダム管理事務所	"9:00～16:00
（土・日・祝日および年末年始を除く）"	茨城県	茨城県常陸太田市下高倉２１５３	http://www.pref.ibaraki.jp/bukyoku/doboku/01class/class06/dam/shoukai/ryujin.html
54	藤井川ダム	1.0 	藤井川ダム管理事務所	"9:00～16:00
（土・日・祝日および年末年始を除く）"		茨城県東茨城郡城里町下古内１８３１	http://www.pref.ibaraki.jp/bukyoku/doboku/01class/class06/dam/shoukai/fujiigawa.html
55	飯田ダム	1.0 	飯田ダム管理事務所	"9:00～16:00
（土・日・祝日および年末年始を除く）"		茨城県笠間市飯田１１２５－１２	http://www.pref.ibaraki.jp/bukyoku/doboku/01class/class06/dam/shoukai/iida.html
56	川治ダム	1.1 	川治ダム管理支所	"8:30～17:15（土・日・祝日を含む）
休日は管理支所玄関のインターホンを押してください。"	栃木県	栃木県日光市川治温泉川治319-6	http://www.ktr.mlit.go.jp/kinudamu
57	五十里ダム	1.1 	五十里ダム管理支所	"8:30～17:15（土・日・祝日を含む）
休日は管理支所玄関のインターホンを押してください。"		栃木県日光市川治温泉川治295-1	http://www.ktr.mlit.go.jp/kinudamu/
58	川俣ダム	2.0 	川俣ダム管理支所	"8:30～17:15（土・日・祝日を含む）
休日は管理支所玄関のインターホンを押してください。"		栃木県日光市川俣646-1	http://www.ktr.mlit.go.jp/kinudamu/
59	湯西川ダム	1.0 	湯西川ダム管理支所	"8:30～17:15（土・日・祝日を含む）
休日は管理支所屋外のインターホンを押してください。"		栃木県日光市西川416	http://www.ktr.mlit.go.jp/kinudamu/
60	渡良瀬貯水池	1.0 	渡良瀬遊水池出張所	"8:30～17:15
（土・日・祝日・年末年始を除く）"		埼玉県加須市柏戸字宮345	http://www.ktr.mlit.go.jp/tonejo/
61			"北川辺スポーツ遊学館
（道の駅きたかわべ）"	"9:00～17:00
（月(休日の場合は翌日)・年末年始を除く）"		埼玉県加須市小野袋1737	http://www.city.kazo.lg.jp/
61	沼原ダム	1.0 	森の発電おはなし館	"10:00～16:00
冬期休館期間：12/1～4/30"		栃木県那須塩原市板室字滝の沢897-6	http://www.jpower.co.jp/damcard/numappara.html
62	今市ダム	1.0 	東京電力（株）栃木支店　栃木北支社　鬼怒川制御所	"9:00～17:00（土・日・祝日・年末年始を除く）
正面玄関の入所連絡用電話にて「土木保守Ｇ連絡先」にダイヤルしてください。
"		栃木県日光市鬼怒川温泉滝260	http://www.tepco.co.jp/tochigi/damcard.html
63	栗山ダム	1.0 	東京電力（株）栃木支店　栃木北支社　鬼怒川制御所	"9:00～17:00（土・日・祝日・年末年始を除く）
正面玄関の入所連絡用電話にて「土木保守Ｇ連絡先」にダイヤルしてください。
"		栃木県日光市鬼怒川温泉滝260	http://www.tepco.co.jp/tochigi/damcard.html
64	品木ダム	1.0 	"品木ダム水質管理所
（土日祝は同管理所内の環境体験アミューズメント）※"	"8:30～17:15（平日）
9:30～16:00（土・日・祝日）※
（年末年始は除く。1月～４月中旬は平日のみ）"	群馬県	群馬県吾妻郡草津町大字草津６０４－１	http://www.ktr.mlit.go.jp/sinaki/
65	相俣ダム	1.0	相俣ダム管理支所	"8:30～17:15
（年末年始を除く）"		群馬県利根郡みなかみ町相俣１４９３	http://www.ktr.mlit.go.jp/tonedamu/
66	藤原ダム	1.0	藤原ダム管理支所	"8:30～17:15
（年末年始を除く）"		群馬県利根郡みなかみ町夜後２６	http://www.ktr.mlit.go.jp/tonedamu/
67	薗原ダム	1.0	薗原ダム管理支所	"8:30～17:15
（年末年始を除く）"		"群馬県沼田市利根町
園原２３７８"	http://www.ktr.mlit.go.jp/tonedamu/
68	草木ダム	1.1 	草木ダム管理所	"8:30～17:00
（土・日・祝日含む）"		群馬県みどり市東町座間564-6	http://www.water.go.jp/kanto/kusaki/
69	奈良俣ダム	1.0 	"奈良俣ダム管理所
"	"8:30～17:00（土、日、祝日も含む）
管理所玄関のインターホンを押してください
（冬期は雪のため立入をお断りしています。詳細は沼田総合管理所ホームページをご確認下さい。）
冬期休館期間：１１月中旬～４月下旬
"		群馬県利根郡みなかみ町藤原字洗ノ沢6322-24	http://www.water.go.jp/kanto/numata/index.html
70	矢木沢ダム	1.0 	矢木沢ダム管理所	"8:30～17:00（土、日、祝日も含む）
（冬期は雪のため立入をお断りしています。詳細は沼田総合管理所ホームページをご確認下さい。）
冬期休館期間：１１月中旬～５月上旬"		群馬県利根郡みなかみ町藤原字矢木沢6381-4	http://www.water.go.jp/kanto/numata/index.html
71	霧積ダム	1.0	霧積ダム管理事務所	10:00～15:00（土・日・祝日除く）		群馬県安中市松井田町坂本１７６８－１３３	http://www.pref.gunma.jp/
72	桐生川ダム	1.0	桐生川ダム管理事務所	10:00～16:00（土・日・祝日除く）		群馬県桐生市梅田町４丁目１７８１	http://www.pref.gunma.jp/
73	道平川ダム	1.0	道平川ダム管理事務所	10:30～15:30（土・日・祝日除く）		群馬県甘楽郡下仁田町大字南野牧字上の峰７９１４	http://www.kendoseibi.pref.gunma.jp/chiiki/tomioka/doudam.htm
74	屋敷川取水ダム	1.0	道平川ダム管理事務所	10:30～15:30（土・日・祝日除く）		群馬県甘楽郡下仁田町大字南野牧字上の峰７９１４	http://www.kendoseibi.pref.gunma.jp/chiiki/tomioka/doudam.htm
75	市野萱川取水ダム	1.0	道平川ダム管理事務所	10:30～15:30（土・日・祝日除く）		群馬県甘楽郡下仁田町大字南野牧字上の峰７９１４	http://www.kendoseibi.pref.gunma.jp/chiiki/tomioka/doudam.htm
76	相沢川取水ダム	1.0 	道平川ダム管理事務所	10:30～15:30（土・日・祝日除く）		群馬県甘楽郡下仁田町大字南野牧字上の峰７９１４	http://www.kendoseibi.pref.gunma.jp/chiiki/tomioka/doudam.htm
77	塩沢ダム	1.0 	塩沢ダム管理事務所	10:00～16:00（火・土・日・祝日除く）		群馬県多野郡神流町大字塩沢字大松甲	http://www.pref.gunma.jp/
			藤岡土木事務所万場事業所	9:00～17:00（土・日・祝日除く）		群馬県多野郡神流町大字万場２１－３	http://www.pref.gunma.jp/
78	坂本ダム	1.0	霧積ダム管理事務所	10:00～15:00（土・日・祝日除く）		群馬県安中市松井田町坂本１７６８－１３３	http://www.pref.gunma.jp/
79	四万川ダム	1.1	四万川ダム管理事務所	10:00～16:00（土・日・祝日除く）		群馬県吾妻郡中之条町大字四万４４００－２８	http://www.pref.gunma.jp/
80	大仁田ダム	1.0 	大仁田ダム管理所	10:30～15:30（土・日・祝日除く）		群馬県甘楽郡南牧村大仁田１０２３－１	http://www.kendoseibi.pref.gunma.jp/chiiki/tomioka/oonitadam.htm
81	中之条ダム	1.0 	①吾妻発電事務所（通年）　　②中之条ダム管理所（6月～9月のみ）	"①9：00～1６：00
（土・日・祝日および年末年始除く）
②9：00～16：00"		①群馬県吾妻郡中之条町大字折田９１７　　　②群馬県吾妻郡中之条町大字四万殿界戸３１－４	http://www.pref.gunma.jp/06/q1300021.html
82	平出ダム	1.0 	平出ダム管理所	"9：00～16：00
（土・日・祝日および年末年始除く）"		群馬県沼田市白沢町平出１４８３－２	http://www.pref.gunma.jp/06/q1300020.html
83	神水ダム	1.0 	神水ダム管理所	"9：00～16：00
（土・日・祝日および年末年始除く）"		群馬県藤岡市鬼石５９４－１	http://www.pref.gunma.jp/06/q1300022.html
84	黒坂石ダム	1.0 	渡良瀬発電事務所	"9：00～1６：00
（土・日・祝日および年末年始除く）"		群馬県みどり市大間々町桐原１１６３	http://www.pref.gunma.jp/06/q1300023.html
85	高津戸ダム	1.0 	渡良瀬発電事務所	"9：00～1６：00
（土・日・祝日および年末年始除く）"		群馬県みどり市大間々町桐原１１６３	http://www.pref.gunma.jp/06/q1300019.html
86	二瀬ダム	1.1 	二瀬ダム管理所	8:30～17:15（土・日・祝日を含む）	埼玉県	埼玉県秩父市大滝３９３１－１	http://www.ktr.mlit.go.jp/futase/
87	荒川貯水池	1.0 	西浦和出張所	8:30～17:15（土・日・祝日は除く）		埼玉県さいたま市桜区田島8-17-1	http://www.ktr.mlit.go.jp/arajo/
			彩湖自然学習センター	"10:00～16:30（休館日除く）
休館日：第２・第４・第５月曜日（この日が祝日、振替休日の場合は開館）、月末　館内整理日(この日が、土日曜日、休日の場合は開館）、年末年始 12月29日～翌年1月4日まで
"		埼玉県戸田市大字内谷2887	http://www.city.toda.saitama.jp/433/432448.html
88	下久保ダム	2.0 	下久保ダム管理所	8:30～17:00（土・日・祝日を含む）		埼玉県児玉郡神川町大字矢納1356-3	http://www.water.go.jp/kanto/simokubo/index.html
89	浦山ダム	1.0 	荒川ダム総合管理所	"9:00～17:00（土・日・祝日を含む、年末年始除く）
土日祝日は管理所玄関のインターホンを押してください。"		埼玉県秩父市荒川久那4041	http://www.water.go.jp/kanto/arakawa/index.html
90	滝沢ダム	1.2 	滝沢ダム管理所	"9:00～17:00（土・日・祝日を含む、年末年始除く）
土日祝日は管理所玄関のインターホンを押してください。"		埼玉県秩父市大滝3021	http://www.water.go.jp/kanto/arakawa/index.html
91	有間ダム	1.0 	有間ダム管理所	"9:00～16:00
（土・日・祝祭日および年末年始を除く）"		埼玉県飯能市大字下名栗１８３０－４	http://www.pref.saitama.lg.jp/site/hannokendo-damu-arima/
92	合角ダム	1.0 	合角ダム管理所	"9:00～16:00
（土・日・祝祭日を含む）"		埼玉県秩父市上吉田４８５０－１	http://www.pref.saitama.lg.jp/site/k-dam/
93	権現堂調節池	1.0 	権現堂調節池管理所	"9:30～16:30
（土、日、祝祭日および年末年始を除く）"		埼玉県幸手市大字権現堂１０１４	http://www.pref.saitama.lg.jp/page/gongendoukanri.html
94	利根川河口堰	1.0 	利根川河口堰管理所	"8:30～17:00
（土・日・祝日を含む）
土日祝日は、管理所の門の脇にあるインターホンを押してください。"	千葉県	千葉県香取郡東庄町新宿２２７６	http://www.water.go.jp/kanto/tonekako/
95	矢那川ダム	1.0 	君津土木事務所維持課	"８：３０～１７：１５
（土・日・祝日および年末年始を除く）"		千葉県木更津市貝渕３－１３－３４	http://www.pref.chiba.lg.jp/cs-kimitsu/
96	亀山ダム	1.2 	千葉県亀山・片倉ダム管理事務所	"8:30～17:15
（土・日・祝日および年末年始を除く）"		千葉県君津市豊田３３	http://www.pref.chiba.lg.jp/d-kameyama/index.html
97	片倉ダム	1.2 					
98	高滝ダム	1.0 	千葉県高滝ダム管理事務所	"8:30～17:15
（土・日・祝日および年末年始を除く）"		千葉県市原市養老４６８	http://www.pref.chiba.lg.jp/d-takataki/index.html
			高滝ダム記念館	"9:00～17:00
（月（月曜が祝日の場合は翌日）と年末年始を除く）"		千葉県市原市養老４６７	http://www.kanko.chuo.chiba.jp/kanko/1084/
99	小河内ダム	1.0 	小河内貯水池管理事務所	"８:３0～17:１５
（土・日・祝日・年末年始は除く）"	東京都	東京都西多摩郡奥多摩町原５番地	http://www.waterworks.metro.tokyo.jp/water/pp/tenbou/ogouchi.html
			小河内ダム展望塔	"10:00～16:00
10:00～17:00（７／２０～８／３１）
（土・日・祝日含む）
休館日　年末年始（１２／２８～１／４）　"			
			奥多摩 水と緑のふれあい館	"9:30～17:00
（土・日・祝日を含む）
休館日　水曜日（祝日の時は、その翌日）
　　　　年末年始（１２／２８～１／４）"			
100	宮ヶ瀬ダム	1.1 	相模川水系広域ダム管理事務所	"8:30～17:15
（土・日・祝日及び年末・年始を除く）"	神奈川県	神奈川県相模原市緑区青山字南山2145-50	http://www.ktr.mlit.go.jp/sagami/
			宮ヶ瀬ダム水とエネルギー館	"4月～11月：9:00～１７：０0
12月～3月：10:00～16:00
（月（祝日の場合はその翌日）および年末年始を除く）"		神奈川県愛甲郡愛川町半原字大沢5157	
101	石小屋ダム	1.0 	相模川水系広域ダム管理事務所	"8:30～17:15
（土・日・祝日及び年末・年始を除く）"		神奈川県相模原市緑区青山字南山2145-50	http://www.ktr.mlit.go.jp/sagami/
			宮ヶ瀬ダム水とエネルギー館	"4月～11月：9:00～１７：０0
12月～3月：10:00～16:00
（月（祝日の場合はその翌日）および年末年始を除く）"		神奈川県愛甲郡愛川町半原字大沢5157	
102	相模ダム	1.1	"相模川水系ダム管理事務所
相模ダム管理所"	"9:00～1７:０0
（土・日・祝日および年末年始を除く）"		神奈川県相模原市緑区与瀬２３９	http://www.pref.kanagawa.jp/div/3010/
			相模湖交流センター	"9:00～21：30
（月（祝日の場合はその翌日）および年末年始を除く）"		神奈川県相模原市緑区与瀬259-1	http://www.sagamiko-kouryu.jp/
103	城山ダム	1.1	相模川水系ダム管理事務所	"9:00～1７:０0
（土・日・祝日および年末年始を除く）"		神奈川県相模原市緑区城山２－９－１	http://www.pref.kanagawa.jp/div/3010/
			津久井湖記念館	"9:00～1７:０0
（火（祝日の場合はその翌日）および年末年始を除く）"		神奈川県相模原市緑区城山２―９―５	http://www.samaria.com/tukuiko/
104	三保ダム	1.0	酒匂川水系ダム管理事務所	"9:00～1７:０0
（土・日・祝日および年末年始を除く）"		神奈川県足柄上郡山北町神尾田７３４	http://www.pref.kanagawa.jp/div/3011/
			丹沢湖記念館	"9:00～1７:０0
（１２月～３月の水および年末年始を除く）　　　　　　　　　　　　　　　　　　　　（４月～11月の土・日・祝日を含む）"		神奈川県足柄上郡山北町神尾田７５９－２	http://www14.ocn.ne.jp/~t-kinen/
105	荒川ダム	1.1 	荒川ダム管理事務所	"9:00～17:00
（土、日、祝祭日も含む）"	山梨県	山梨県甲府市川窪町浦の山９７２	http://www.pref.yamanashi.jp/damu-arkw/index.html
106	琴川ダム	1.0 	広瀬・琴川ダム管理事務所琴川ダム管理課	"9:00～17:00
（土、日、祝祭日も含む）"		山梨県山梨市牧丘町北原４１４０－６１	http://www.pref.yamanashi.jp/damu-hrkt/index.html
107	深城ダム	2.0 	深城ダム管理事務所	"8:30～17:15
（土、日、祝祭日も含む）"		山梨県大月市七保町瀬戸2308-11	http://www.pref.yamanashi.jp/damu-fk/index.html
108	大門ダム	1.0 	大門・塩川ダム管理事務所　大門ダム管理課	"8:30～17:15
（土、日、祝祭日も含む）"		山梨県北杜市高根町清里３６５４－７	http://www.pref.yamanashi.jp/dam-dmskkn/toppage.html
109	塩川ダム	1.0 	大門・塩川ダム管理事務所　塩川ダム管理課	"8:30～17:15
（土、日、祝祭日も含む）"		山梨県北杜市須玉町比志３７８３－１	http://www.pref.yamanashi.jp/dam-dmskkn/92021224905.html
110	広瀬ダム	1.0 	広瀬・琴川ダム管理事務所広瀬ダム管理課	"9:00～17:00
（土、日、祝祭日も含む）"		山梨県山梨市三富上釜口篠平１１７８－１	http://www.pref.yamanashi.jp/damu-hrkt/index.html
111	大町ダム	1.1 	大町ダム管理所	"８:３0～1７:30
（土・日・祝日を含む）"	長野県	長野県大町市平字ナロヲ大クボ2112-71	http://www.hrr.mlit.go.jp/omachi/
112	味噌川ダム	1.2 	味噌川ダム管理所	"9:00～17:00
（土、日、祝日、年末年始を除く）　　"		長野県木曽郡木祖村大字小木曽2058-22	http://www.water.go.jp/chubu/misogawa/index.html
113	美和ダム	1.0 	美和ダム管理支所	"8:30～17:15
（土・日・祝日を含む）"		長野県伊那市長谷非持３４５	http://www.cbr.mlit.go.jp/tendamu/
114	小渋ダム	1.0 	天竜川ダム統合管理事務所	"8:30～17:00
（土・日・祝日を含む）"		"長野県上伊那郡中川村
大草６８８４－１９"	http://www.cbr.mlit.go.jp/tendamu/
115	牧尾ダム	1.0 	愛知用水総合管理所牧尾管理所	"8:45～17:15
（土・日・祝日を含む）
管理所玄関のインターホンを押してください。"		長野県木曽郡木曽町三岳7696番地の1	http://www.water.go.jp/chubu/aityosui/index.html
116	三国川ダム	1.1 	三国川ダム管理所	"8:30～17:15（土・日・祝日を含む）
※冬期期間（例年12月～4月）は県道・市道閉鎖の為、配付はできません。"	新潟県	新潟県南魚沼市清水瀬686-59	http://www.hrr.mlit.go.jp/saguri/index.html
117	大石ダム	1.0 	大石ダム管理支所	"8:30～17:00
（土・日・祝日を含む）"		新潟県岩船郡関川村大字大石字イブリサシ４０４－３	http://www.hrr.mlit.go.jp/uetsu/index.html
118	奥三面ダム	1.0 	奥三面ダム管理所	"10:30～15:00
（土日祝日及び年末年始は除く）
※冬期閉鎖の期間（例年11月～4月）は配付できない。"		新潟県村上市三面	http://www.pref.niigata.lg.jp/murakami_seibi/1214852491843.html
119	三面ダム	1.0 	三面ダム管理所	"8:30～17:00
（土日祝日及び年末年始は除く）"		新潟県村上市岩崩	http://www.pref.niigata.lg.jp/murakami_seibi/1214852491843.html
120	胎内川ダム	1.0 	胎内川ダム管理所	"9:00～16:30
（土日祝日を含む毎日）
※県道が冬期間は通行止になるため、その間は配布できない（例年11月下旬～6月上旬）"		新潟県胎内市下荒沢字胎内山	http://www.pref.niigata.lg.jp/shibata_seibi/damu-t.html
121	内の倉ダム	1.0 	内の倉ダム管理所	"9:00～16:30
（土日祝日を含む毎日）
※県道が冬期間は通行止になるため、その間は配布できない（例年11月下旬～4月下旬）"		新潟県新発田市小戸字足無沢3155	http://www.pref.niigata.lg.jp/shibata_seibi/damu-u.html
122	加治川治水ダム	1.0 	加治川治水ダム管理所	"9:00～16:30
（土日祝日を含む毎日）
※県道が冬期間は通行止になるため、その間は配布できない（例年11月下旬～5月下旬）"		新潟県新発田市滝谷字北俣沢	http://www.pref.niigata.lg.jp/shibata_seibi/damu-k.html
123	早出川ダム	1.0 	早出川ダム管理所	"8:30～17:15
（土日祝日及び年末年始は除く）"		新潟県五泉市小面谷字飛石2982	http://www.pref.niigata.lg.jp/niigata_seibi_niitsu/1226952075862.html
124	笠堀ダム	1.0 	大谷ダム管理所	"9:00～16:30
（土日祝日及び年末年始は除く）"		新潟県三条市大谷171-2	http://www.pref.niigata.lg.jp/sanjou_seibi/1230062494447.html
			大谷ダム資料館	"9:00～16:00
（開館時のみ土日祝日含む）"			
125	大谷ダム	1.0 	"①大谷ダム管理所
②大谷ダム資料館"	"①9:00～16:30
（土日祝日及び年末年始は除く）
②9:00～16:00
（開館時のみ土日祝日含む）"		新潟県三条市大谷171-2	http://www.pref.niigata.lg.jp/sanjou_seibi/1231358592416.html
126	下条川ダム	1.0 	下条川ダム管理所	"8:30～17:00
（土日祝日を含む毎日）"		新潟県加茂市下条字祖坂879	http://www.pref.niigata.lg.jp/sanjou_seibi/1231966928823.html
127	刈谷田川ダム	1.0 	刈谷田川ダム管理所	"8:30～17:00
（土日祝日を含む）
※県道が冬期間は通行止になるため、その間は配布できない（例年12月下旬～5月中旬）"		新潟県長岡市栃堀7297-3	http://www.pref.niigata.lg.jp/nagaoka_seibi/1195143378776.html
128	破間川ダム	1.0 	"①破間川ダム管理所
②魚沼地域振興局
　地域整備部"	"①10:00～15:00
②8:30～17:00
（土日祝日及び年末年始は除く）
※②で配布の場合、ダムへ行った証明写真等が必要"		"①新潟県魚沼市大白川886-78
②新潟県魚沼市大塚新田176"	http://www.pref.niigata.lg.jp/kasenkanri/index.html
129	広神ダム	2.1 	"①広神ダム管理所
②魚沼地域振興局
　地域整備部"	"①9:30～15:30
②8:30～17:00
（土日祝日及び年末年始は除く）
※②で配布の場合、ダムへ行った証明写真等が必要"		"①新潟県魚沼市小平尾2950-1
②新潟県魚沼市大塚新田176"	http://www.pref.niigata.lg.jp/uonuma_seibi/1200589228675.html
130	鯖石川ダム	1.0 	鯖石川ダム管理所	"8:30～17:00
（土日祝日を含む）"		新潟県柏崎市高柳町田代1553-1	http://www.pref.niigata.lg.jp/kashiwazaki_seibi/damkanri.html
131	柿崎川ダム	1.0 	柿崎川ダム管理所	"8:30～17:00
（土日祝日及び年末年始は除く）"		新潟県上越市柿崎区上中山1801	http://www.pref.niigata.lg.jp/kasenkanri/index.html
132	正善寺ダム	1.0 	正善寺ダム管理所	"8:30～17:00
（土日祝日及び年末年始は除く）"		新潟県上越市大字上善寺字石原3359	http://www.pref.niigata.lg.jp/kasenkanri/index.html
133	大野川ダム	1.0 	大野川ダム管理所	"8:30～17:00
（土日祝日を含む）"		新潟県佐渡市新穂大野1-1	http://www.pref.niigata.lg.jp/kasenkanri/index.html
134	久知川ダム	1.0 	大野川ダム管理所	"8:30～17:00
（土日祝日を含む）
※配布の場合、ダムへ行った証明写真等が必要"		新潟県佐渡市新穂大野1-1	http://www.pref.niigata.lg.jp/kasenkanri/index.html
135	新保川ダム	1.0 	大野川ダム管理所	"8:30～17:00
（土日祝日を含む）
※配布の場合、ダムへ行った証明写真等が必要"		新潟県佐渡市新穂大野1-1	http://www.pref.niigata.lg.jp/kasenkanri/index.html
136	城川ダム	1.0 	十日町地域振興局地域整備部庶務課	"8:30～17:00
（土日祝日及び年末年始は除く）
※配布の場合、ダムへ行った証明写真等が必要"		新潟県十日町市妻有町西2丁目1番地 	http://www.pref.niigata.lg.jp/kasenkanri/index.html
			十日町市松代支所農林建設課	"8:30～17:00（土日祝日を含む）
※配布の場合、ダムへ行った証明写真等が必要"		新潟県十日町市松代3252-1	
137	奥只見ダム	1.0 	奥只見電力館 	"9:00～16:50
冬期休館期間：11月中旬～5月中旬"		新潟県魚沼市湯之谷芋川1317-3	http://www.jpower.co.jp/damcard/okutadami.html
138	黒又川第二ダム	1.0 	小出電力所　	"9:00～16:30
（土・日、祝日、12月29日～1月3日、5月1日は除く）"		新潟県魚沼市小出島８８９番地	http://www.jpower.co.jp/damcard/kuromatagawadaini.html
139	二居ダム	1.0 	"ＯＫＫＹ
（冬季：奥清津電力所）"	"9:30～17:00
休館日：毎週月曜日（月曜日が祝祭日の場合は火曜日）
※冬期休館期間（12月1日～3月31日）はOKKYに隣接する奥清津電力所で配布します。詳細はウェブサイトをご参照下さい。"		新潟県南魚沼郡湯沢町大字三国字土場山502	http://www.jpower.co.jp/damcard/futai.html
140	宇奈月ダム	1.0 	宇奈月ダム管理所	"9:00～16:30
（12～3月の土・日・祝日及び年末年始を除く）"	富山県	富山県黒部市宇奈月町舟見明日音沢４－９	http://www.hrr.mlit.go.jp/kurobe/
141	黒部ダム	1.0 	"①黒部ダムレストハウス売店
②扇沢駅売店"	"①黒部ダムレストハウス売店：7：30～16：50
②扇沢駅売店：8：30～18：00
※時期により配布時間に変動あり。詳しくは黒部ダムオフィシャルサイトをご参照下さい。
※4月中旬頃～11月下旬（土・日・祝日を含む）
※ダムへ行った証明として、関電トロリーバスの乗車券の提示が必要。"		"①富山県中新川郡立山町芦峅寺
②長野県大町市平２１１７－２"	http://www.kurobe-dam.com/event_info/1322.html
142	上市川ダム	1.0 	上市川ダム管理事務所	"９：００～１７：００
（土日祝日、年末年始を除く）"		富山県中新川郡上市町東種字郷津1-2	http://www.pref.toyama.jp/cms_sec/1551/index.html
143	上市川第二ダム	1.0 	上市川ダム管理事務所	"９：００～１７：００
（土日祝日、年末年始を除く）"		富山県中新川郡上市町東種字郷津1-2	http://www.pref.toyama.jp/cms_sec/1551/index.html
144	和田川ダム	1.0 	和田川ダム管理事務所	"９：００～１７：００
（土日祝日、年末年始を除く）"		富山県砺波市増山1491	http://www.pref.toyama.jp/cms_sec/1552/index.html
145	白岩川ダム	1.0 	白岩川ダム管理事務所	"９：００～１７：００
（土日祝日、年末年始を除く）"		富山県中新川郡立山町白岩字矢割29	http://www.pref.toyama.jp/branches/1554/1554.htm
146	子撫川ダム	1.0 	子撫川統合ダム管理事務所	"９：００～１７：００
（土日祝日、年末年始を除く）"		富山県小矢部市宮中字新村15	http://www.pref.toyama.jp/cms_sec/1559/index.html
147	室牧ダム	1.0 	室牧ダム管理事務所	"９：００～１７：００
（土日祝日、１１月下旬～４月下旬を除く）
＊１１月下旬～４月下旬までは道路が通行止めになるため配布しません。"		"富山県富山市八尾町蒲谷41-3
＊道路の道幅が狭く、広い駐車スペースがないので、ご注意ください。"	http://www.pref.toyama.jp/branches/1550/1550.htm
148	境川ダム	1.0 	桂湖ビジターセンター	"９：００～１７：００
（土日祝日を含む。１１月末～５月上旬を除く）
＊１１月下旬～５月上旬までは道路が通行止めになるため配布しません。"		富山県南砺市桂	http://www.pref.toyama.jp/cms_sec/1563/index.html
149	手取川ダム	1.0 	手取川総合開発記念館　	"9:00～16:30
休館日：毎週木曜・祝日の翌日・木曜が祝日の場合はその翌日
12月～3月閉鎖（積雪により開館月は不定期）"	石川県	石川県白山市桑島9-24-30	http://www.pref.ishikawa.lg.jp/tedori/kinenkan.html
150			道の駅　瀬女	"9:00～17:30
休館日：水曜　ただし白山スーパー林道が開通している期間（概ね6月～11月上旬）は無休"		石川県白山市瀬戸寅163-1	http://www.hrr.mlit.go.jp/road/miti_eki/each_folder/sena/sena.html
151			白山砂防科学館	"9:00～17:00
休館日：毎週木曜日、年末年始（12月29日～1月3日）"		石川県白山市白峰ツ40番地1 	http://www.hrr.mlit.go.jp/kanazawa/hakusansabo/08kagakukan/kagakukan01.html
150	大日川ダム	1.0 	大日川ダム管理事務所	"9:00～17:00
（土・日・祝日を含む）"		石川県白山市阿手町乙２-７	http://www.pref.ishikawa.jp/dainichikawadamu/
151	九頭竜ダム	1.0 	九頭竜ダム管理支所	"9:00～17:00
（土・日・祝日を含む）"	福井県	福井県大野市長野第３３号４番地の１	http://www.kkr.mlit.go.jp/kuzuryu/
152	真名川ダム	1.0 	真名川ダム管理支所	"9:00～17:00
（土・日・祝日を含む）"		福井県大野市下若生子２５字水谷１－３６	http://www.kkr.mlit.go.jp/kuzuryu/
153	鳴鹿大堰	1.0 	鳴鹿大堰管理所	"8:30～17:15
（土・日・祝日は除く）"		福井県吉田郡永平寺町法寺岡５－２６－１	http://www.kkr.mlit.go.jp/fukui/
		1.0 	九頭竜川流域防災センター	"9:00～16:30
（休館日：毎週月・火曜日、年末年始（12月29日～1月3日）を除く）"		福井県吉田郡永平寺町法寺岡５－２４	http://www.kkr.mlit.go.jp/fukui/
154	龍ヶ鼻ダム	1.0 	龍ヶ鼻・永平寺ダム統合管理事務所	"8:30～17:15
（土・日・祝日を含む）"		福井県坂井市丸岡町上竹田50-56-2	http://www.pref.fukui.jp/doc/sabo/index.html
155	永平寺ダム	1.0 	龍ヶ鼻・永平寺ダム統合管理事務所	"8:30～17:15
（土・日・祝日を含む）"		福井県坂井市丸岡町上竹田50-56-2	http://www.pref.fukui.jp/doc/sabo/index.html
156	笹生川ダム	1.0 	笹生川ダム監視所	"8:30～17:15
（土・日・祝日を含む（4月1日～11月30日））"		福井県大野市本戸	http://www.pref.fukui.jp/doc/sabo/index.html
157	浄土寺川ダム	1.0 	浄土寺川ダム監視所	"8:30～17:15
（土・日・祝日を含む（4月1日～11月３０日））"		福井県勝山市１７０字奥山	http://www.pref.fukui.jp/doc/sabo/index.html
158	広野ダム	1.0 	広野ダム監視所	"8:30～17:15
（土・日・祝日を含む）"		福井県南条郡南越前町広野46-1-8	http://www.pref.fukui.jp/doc/sabo/index.html
159	桝谷ダム	1.0 	桝谷ダム監視所	"8:30～17:15
（土・日・祝日を含む）"		福井県南条郡南越前町宇津尾95-17-５	http://www.pref.fukui.jp/doc/sabo/index.html
160	大津呂ダム	1.0 	大津呂ダム管理事務所	"8:30～17:15
（４月～１１月は土・日・祝日を除く）
（12月～３月は土・日・祝日を含む）

"		福井県小浜市遠敷１丁目１０１	http://www.pref.fukui.jp/doc/sabo/index.html
			大津呂ダム監視所	"8:30～17:15
（４月～１１月は土・日・祝日を含む）
　※12月～３月および水曜日は閉館
"		福井県大飯郡おおい町本郷１６２－１－１８	
161	鷲ダム	1.0 	九頭竜電力所	"8:30～17:00
（土、日、祝祭日、年末年始（12/29～1/3）は除く）"		福井県大野市長野３６－１７	http://www.jpower.co.jp/damcard/washi.html
162	丸山ダム	1.1 	丸山ダム管理所	"8:30～17:15
（休日は管理所確認）"	岐阜県	岐阜県加茂郡八百津町鵜の巣1422-5	http://www.cbr.mlit.go.jp/maruyama/
163	小里川ダム	1.0 	小里川ダム管理支所	"8:30～17:15（平日）
9:00～16:00（土・日・祝日）
（12月２9日～1月3日は除く）"		岐阜県恵那市山岡町田代１５６５－２１	http://www.cbr.mlit.go.jp/shonai/origawa/index.htm
164	横山ダム	2.0 	"木曽川上流河川事務所
横山ダム管理支所"	"8:30～17:15
（土・日・祝日を含む）"		岐阜県揖斐郡揖斐川町東横山1330	http://www.cbr.mlit.go.jp/kisojyo/yokoyama/index.html
165	阿木川ダム	1.0 	阿木川ダム管理所	"8:30～17:00
（土・日・祝日含む）"		岐阜県恵那市東野字花無山２２０１－７９	http://www.water.go.jp/chubu/agigawa/
166	岩屋ダム	1.1 	岩屋ダム管理所	"8:30～17:00 
（土・日・祝日含む）
管理所玄関のインターホンを押してください。"		岐阜県下呂市金山町卯野原６－２７	http://www.water.go.jp/chubu/iwaya/index.html
167	徳山ダム	2.0 	徳山ダム管理所	"9:00～17:00
（土・日・祝日含む）"		岐阜県揖斐郡揖斐川町開田４４８	http://www.water.go.jp/honsya/honsya/damcard/area/tokuyama_card.html
168	打上調整池	1.0 	日本昭和音楽村管理事務所	"9:00～17:00
（休館日は除く　休館日：水曜、祝日、年末年始）
※休館日は念のため日本昭和音楽村ホームページにてご確認ください。
※日本昭和音楽村にて中里ダム・打上調整池カードの配布を希望される方は、三重用水管理所ホームページにて配布方法をご確認ください。"		"岐阜県大垣市上石津町下山2011
"	"http://www.water.go.jp/honsya/honsya/damcard/area/utiagecyouseiti_card.html
http://www.mirai.ne.jp/~ongaku/"
			三重用水管理所（菰野町）	"9:00～17:00
（土・日・祝日含む）
休日は、菰野町にある三重用水管理所玄関のインターホンを押してください。
※中里ダム・打上調整池カードの配布方法は三重用水管理所ホームページをご覧下さい。"		三重県三重郡菰野町菰野7961-2	http://www.water.go.jp/chubu/mieyosui/
169	御母衣ダム	1.0 	ＭＩＢＯＲＯダムサイドパーク	"9：00～16：00
休館日：毎週水曜
（但しGW・夏休み・10月10日～11月10日は原則無休）
冬期休館期間：12月16日～3月14日"		岐阜県大野郡白川村牧１４０－１	http://www.jpower.co.jp/damcard/miboro.html
170	阿多岐ダム	1.0 	阿多岐ダム管理事務所	"9:30～16:00
（土・日・祝日は除く）"		岐阜県郡上市白鳥町中西1085-72	-
171	岩村ダム	1.0 	岩村ダム管理事務所	"9:30～15:30
（土・日・祝日は除く）"		岐阜県恵那市岩村町富田字鈴ヶ根7-53	-
172	大ヶ洞ダム	1.0 	大ヶ洞ダム管理事務所	"平日　8:30～15:30
土・日祝日　8:30～17:15"		岐阜県下呂市萩原町大ヶ洞大張1314-4	-
173	中野方ダム	1.0 	中野方ダム管理事務所	"9:30～15:30
（土・日・祝日は除く）"		岐阜県恵那市中野方町4357-37	-
174	丹生川ダム	1.0 	丹生川ダム管理事務所	"9:30～16:00
（土・日・祝日は除く）"		岐阜県高山市丹生川町折敷地カクシクレ3136	-
175	長島ダム	1.1 	長島ダム管理所	"8:30～17:15
（土・日・祝日を含む）
入り口の脇にあるインターホンを押して担当者をお呼びください"	静岡県	静岡県榛原郡川根本町犬間541-3	http://www.cbr.mlit.go.jp/nagashima/
			長島ダム防災施設ふれあい館	"9:30～16:30
（木・年末年始は除く）"		静岡県榛原郡川根本町梅地3-34	http://www.cbr.mlit.go.jp/nagashima/public/index.html
176	太田川ダム	1.0 	太田川ダム管理所	"10:00～16:00
（土・日・祝日を含む）"		静岡県周智郡森町亀久保575-28	http://www.doboku.pref.shizuoka.jp/desaki/fukuroi/
177	奥野ダム	1.0 	奥野ダム管理所	"9:00～16:00
（土・日・祝日を含む）"		静岡県伊東市鎌田字横堀1296-205	http://www4.i-younet.ne.jp/~okuno-dm/
178	井川ダム	1.0 	井川展示館	"9:00～16:00
（休館日は除く）
休館日：月曜（祝日の場合は翌日、5･8･11月は無休）および12月～2月"		静岡県静岡市葵区井川字西山沢1956-1	http://www.chuden.co.jp/ikawa-pr/
179	青野大師ダム	1.0 	"道の駅
「下賀茂温泉　湯の花」
（南伊豆町観光協会）"	"9:０0～17:00（土・日・祝日を含む）
【ダムに来訪され、管理所前に設置したスタンプを押印された方及び訪れた際に撮影したダムの写真を提示していただいた方のみ配布】"		"静岡県賀茂郡南伊豆町下賀茂１５７－１
　南伊豆町観光協会"	http://www.pref.shizuoka.jp/kensetsu/ke-810/aono.html
			下田土木事務所	"8:30～17:15（土・日・祝日は除く）
【ダムに来訪され、管理所前に設置したスタンプを押印された方及び訪れた際に撮影したダムの写真を提示していただいた方のみ配布】"		"静岡県下田市中５３１－１
　下田総合庁舎５階"	
180	佐久間ダム	1.0 	佐久間電力館	"9:00～16:30
休館日：毎週月曜日（月曜日が祝祭日の場合は火曜日）、12/29～1/3
※8月は毎日開館"		浜松市天竜区佐久間町佐久間2552-3	http://www.jpower.co.jp/damcard/sakuma.html
181	秋葉ダム	1.0 					http://www.jpower.co.jp/damcard/akiha.html
182	新豊根ダム	1.0 	新豊根ダム操作室	"8:30～17:15
（土・日・祝日を含む）"	愛知県	愛知県北設楽郡豊根村古真立字月代1-3	http://www.cbr.mlit.go.jp/hamamatsu/index.html
183	矢作ダム	1.1 	矢作ダム管理所	"8:30～17:15
（土・日・祝日を含む）"		愛知県豊田市閑羅瀬町東畑６７番地	http://www.cbr.mlit.go.jp/yahagi/
184	羽布ダム	1.0 	"愛知県西三河農林水産事務所
用水管理課羽布ダム管理所"	"平成25年4月8日から配布開始
9:00～17:00
（土日祝祭日、年末年始（12月29日～1月3日）は除く）"		愛知県豊田市羽布町鬼の平１－９１	-
185	宇連ダム	1.0 	水源管理所	"8:30～17:00
（土・日・祝日を含む）水源管理所玄関のインターホンを押してください。"		愛知県新城市川合字大嶋26番地	http://www.water.go.jp/honsya/honsya/damcard/area/ure_card.html
186	大島ダム	1.0 	"水源管理所
※大島ダムは無人のため、宇連ダムの水源管理所にてお渡しいたします。"	"8:30～17:00
（土・日・祝日を含む）水源管理所玄関のインターホンを押してください。"		愛知県新城市川合字大嶋26番地	http://www.water.go.jp/honsya/honsya/damcard/area/oosima_card.html
187	大野頭首工	1.0 	大野管理所	"8:30～17:00
（土・日・祝日を含む）大野管理所玄関のインターホンを押してください。"		愛知県新城市大野字ハナシ48番地	http://www.water.go.jp/honsya/honsya/damcard/area/oonotousyukou_card.html
188	東郷調整池	1.0 	愛知用水総合管理所	"9:30～16:30
（土・日・祝日を含む）"		愛知県愛知郡東郷町大字諸輪字片平山25-25	http://www.water.go.jp/chubu/aityosui/
189	蓮ダム	1.2 	蓮ダム管理所	"8:30～17:15
（土・日・祝日を含む）管理所玄関のインターホンを押してください。"	三重県	三重県松阪市飯高町森１８１０－１１	http://www.cbr.mlit.go.jp/hachisu/index.html
190	青蓮寺ダム	1.1 	青蓮寺ダム管理所	"8:45～17:15
（土・日・祝日を含む）"		三重県名張市中知山１－１６６	http://www.water.go.jp/kansai/kizugawa/index.html
191	比奈知ダム	1.1 	比奈知ダム管理所	"8:45～17:15
（土・日・祝日を含む）"		三重県名張市上比奈知字熊走り１７０６	http://www.water.go.jp/kansai/kizugawa/index.html
192	君ヶ野ダム	1.0 	君ヶ野ダム管理室	"8:30～17:15
（土・日・祝日を含む）"		三重県津市美杉町八手俣９５－１	http://www.pref.mie.jp/TKENSET/HP/dam/
193	宮川ダム	1.0 	宮川ダム管理室	"8:30～17:15
(休日は管理室確認）"		三重県多気郡大台町久豆５０６	http://www.pref.mie.lg.jp/MKENSET/HP/dam/
194	中里ダム	1.0 	日本昭和音楽村管理事務所	"9:00～17:00
（休館日は除く　休館日：水曜、祝日、年末年始）
※休館日は念のため日本昭和音楽村ホームページにてご確認ください。
※日本昭和音楽村にて中里ダム・打上調整池カードの配布を希望される方は、三重用水管理所ホームページにて配布方法をご確認ください。"		岐阜県大垣市上石津町下山2011	"http://www.water.go.jp/honsya/honsya/damcard/area/nakazato_card.html
http://www.mirai.ne.jp/~ongaku/"
			三重用水管理所（菰野町）	"9:00～17:00
（土・日・祝日含む）
休日は、菰野町にある三重用水管理所玄関のインターホンを押してください。
※中里ダム・打上調整池カードの配布方法は三重用水管理所ホームページをご覧下さい。"		三重県三重郡菰野町菰野7961-2	http://www.water.go.jp/chubu/mieyosui/
195	菰野調整池	1.0 	三重用水管理所（菰野町）	"9:00～17:00
（土・日・祝日含む）
休日は、菰野町にある三重用水管理所玄関のインターホンを押してください。
※中里ダム・打上調整池カードの配布方法は三重用水管理所ホームページをご覧下さい。"		三重県三重郡菰野町菰野7961-2	http://www.water.go.jp/chubu/mieyosui/
196	滝川ダム	1.0 	"三重県伊賀建設事務所
総務・管理室　管理課"	"8:30～17:15
（土・日・祝日および年末年始を除く）"		三重県伊賀市四十九町２８０２	http://www.pref.mie.lg.jp/GKENSET/HP/
197	長良川河口堰	1.0 	長良川河口堰管理所	"9:00～17:00
（土・日・祝日及び年末年始(12/29～1/3)は除く）"		三重県桑名市長島町十日外面136	http://www.water.go.jp/chubu/nagara/
			アクアプラザながら	"10:00～16:00
（月曜日・年末年始(12/29～1/3)は除く）"		三重県桑名市長島町十日外面139	
198	七色ダム	1.0 	北山川電力所	"9:30～17:30
（土、日、祝祭日、年末年始（12月29日～1月3日）、5月1日は除く）"		奈良県吉野郡下北山村大字下池原７５１	http://www.jpower.co.jp/damcard/nanairo.html
199	伊坂ダム	1.0 	伊坂ダムサイクルパーク管理事務所	"9:３0～1６:３0
（金曜日および年末年始を除く）"		三重県四日市市伊坂町１５７－２	http://www.pref.mie.lg.jp/D1KIGYO/kousui/index.htm
200	山村ダム	1.0 					
201	石田川ダム	1.0 	石田川ダム管理事務所	9：00～17：00（対応できない曜日・時間帯等があるため、詳細はHPを見てください）	滋賀県	滋賀県高島市今津町角川529	http://www.pref.shiga.lg.jp/h/kasen/shiga_damcard.html
202	青土ダム	1.1 	青土ダム管理事務所	9：00～17：00（対応できない曜日・時間帯等があるため、詳細はHPを見てください）		滋賀県甲賀市土山町青土151-4	http://www.pref.shiga.lg.jp/h/kasen/shiga_damcard.html
			"青土ダムエコーバレイ管理棟
(ブルーシャトー)"	9：00～17：00（年末年始を除く）		滋賀県甲賀市土山町青土101-7	http://www.pref.shiga.lg.jp/h/kasen/shiga_damcard.html
203	日野川ダム	1.0 	日野川ダム管理事務所	9：00～17：00（対応できない曜日・時間帯等があるため、詳細はHPを見てください）		滋賀県蒲生郡日野町村井2022-8	http://www.pref.shiga.lg.jp/h/kasen/shiga_damcard.html
204	宇曽川ダム	1.0 	宇曽川ダム管理事務所	9：00～17：00（対応できない曜日・時間帯等があるため、詳細はHPを見てください）		滋賀県東近江市平柳町１－６	http://www.pref.shiga.lg.jp/h/kasen/shiga_damcard.html
205	姉川ダム	1.0 	姉川ダム管理事務所	9：00～17：00（対応できない曜日・時間帯等があるため、詳細はHPを見てください）		滋賀県米原市曲谷869	http://www.pref.shiga.lg.jp/h/kasen/shiga_damcard.html
206	天ヶ瀬ダム	2.0 	"①天ヶ瀬ダム管理支所
②天ヶ瀬ダム敷地内案内所"	"①８:30～17:15　　　　　　　　　　　　　　　　　（土・日・祝日を含まず）　　
②8:00～17:00
（土・日・祝日を含む）"	"京都府
"	京都府宇治市宇治金井戸１５	http://www.kkr.mlit.go.jp/yodoto/
207	日吉ダム	2.0 	"①日吉ダム管理所
②インフォギャラリー"	"①9:00～17:00（土・日・祝日を含む）
　休日は管理所玄関横のインターホンを押してください。
②10:00～16:00（水曜および年末年始（12/29～1/3）は除く）
　見学者用エレベータ前の係員にお尋ねください。
　係員が巡視中の場合は、日吉ダム管理所にお越しください。"		京都府南丹市日吉町中神子ヶ谷６８	http://www.water.go.jp/kansai/hiyoshi/index.html
208	高山ダム	1.1 	高山ダム管理所	"8:45～17:15
（土・日・祝日を含む）"		京都府相楽郡南山城村田山字ツルギ４３	http://www.water.go.jp/kansai/kizugawa/index.html
209	大野ダム	1.0 	大野ダム総合管理事務所	9:３0～16:30（土・日・祝日を含む）　　　　　　　　　　　　休日は事務所玄関のインターホンを押してください。		京都府南丹市美山町樫原中ノ山48-5	http://www.pref.kyoto.jp/dam/1172480757286.html
210	畑川ダム	1.0 					http://www.pref.kyoto.jp/dam/1172551043027.html
211	箕面川ダム	1.0 	大阪府池田土木事務所（河川砂防グループ）	"９：００～１７：４５
（土・日・祝日は除く）"	大阪府	大阪府池田市城南１－１－１	http://www.pref.osaka.jp/ikedo/index.html
			大阪府営箕面公園昆虫館	"１０：００～１７：００
（入館は１６：３０まで。火曜日休館）"		大阪府箕面市箕面公園１－１８	http://www.osaka-park.or.jp/hokubu/mino/main.html
212	狭山池ダム	1.0 	大阪府富田林土木事務所（河川砂防グループ）	"9:00～17:45
（土・日・祝日は除く）"		大阪府富田林市寿町二丁目六番一号	http://search.pref.osaka.jp/tondo/index.html
			大阪府立狭山池博物館	"10:00～17:00
（休館日＝月曜日・月曜休日の場合翌日　を除く）"		大阪府大阪狭山市池尻中2丁目	http://www.sayamaikehaku.osakasayama.osaka.jp/
213	滝畑ダム	1.0 	"①大阪府南河内農と緑の総合事務所滝畑ダム分室
②滝畑レイクパーク"	"①10:00～12:15、13:00～16:00
（土・日・祝日は除く）
②10：00～16：00
（土・日・祝日のみ）"		"①大阪府河内長野市滝畑２４０－２
②大阪府河内長野市滝畑２２９４－１"	"①　
http://www.pref.osaka.jp/minamikawachinm/m_index/k_takihatadam.html
②http://www.city.kawachinagano.lg.jp/kakuka/syougaigakusyuu/furusato/gyoumu/shukuhaku/annai/kinrinzu/reiku.html"
214	一庫ダム	1.1 	一庫ダム管理所	"9:00～17:00（平日）
10:00～16:00（土・日・祝日）"	兵庫県	兵庫県川西市一庫字唐松４－１	http://www.water.go.jp/kansai/hitokura/index.htm
215	加古川大堰	1.0 	姫路河川国道事務所加古川分室	"9:00～1６:00
（土・日・祝日は除く）"		兵庫県加古川市八幡町中西条875-1 	http://www.kkr.mlit.go.jp/himeji/outline/river/project/h17_project05.html
216	石井ダム	1.0	石井ダム管理所	"9:00～1７:00
（土・日・祝祭日・年末年始は除く）"		兵庫県神戸市北区山田町下谷上字中一里山11-85	http://web.pref.hyogo.lg.jp/wd16/wd16_000000067.html
217	青野ダム	1.0	青野ダム管理所	"9:00～1７:00
（土・日・祝祭日・年末年始は除く）"		兵庫県三田市加茂上平山1221	http://web.pref.hyogo.lg.jp/wd16/wd16_000000067.html
218	生野ダム	1.0	生野ダム管理所	"9:00～1７:00
（土・日・祝祭日・年末年始は除く）"		兵庫県朝来市生野町竹原野34-10	http://web.pref.hyogo.lg.jp/wd16/wd16_000000067.html
219	菅生ダム	1.0	菅生ダム管理所	"9:00～1７:00
（土・日・祝祭日・年末年始は除く）"		兵庫県姫路市夢前町莇野2130-12	http://web.pref.hyogo.lg.jp/wd16/wd16_000000067.html
220	安富ダム	1.0	安富ダム管理所	"9:00～1７:00
（土・日・祝祭日・年末年始は除く）"		兵庫県姫路市安富町皆河549-30	http://web.pref.hyogo.lg.jp/wd16/wd16_000000067.html
221	安室ダム	1.0	光都土木事務所ダム課	"9:00～1７:00
（土・日・祝祭日・年末年始は除く）"		兵庫県赤穂郡上郡町光都2-25	http://web.pref.hyogo.lg.jp/wd16/wd16_000000067.html
222	引原ダム	1.0	引原ダム管理所	"9:00～1７:00
（土・日・祝祭日・年末年始は除く）"		兵庫県宍粟市波賀町日ノ原176-11	http://web.pref.hyogo.lg.jp/wd16/wd16_000000067.html
223	大路ダム	1.0	大路ダム管理所	"9:00～1７:00
（土・日・祝祭日・年末年始は除く）"		兵庫県朝来市和田山町久世田222-7	http://web.pref.hyogo.lg.jp/wd16/wd16_000000067.html
224	三宝ダム	1.0	"丹波土木事務所
河川課"	"9:00～1７:00
（土・日・祝祭日・年末年始は除く）"		兵庫県丹波市柏原町柏原688	http://web.pref.hyogo.lg.jp/wd16/wd16_000000067.html
225			"丹波市役所
建設部管理課"	"9:00～1７:00
（土・日・祝祭日・年末年始は除く）"		兵庫県丹波市春日町黒井811	http://web.pref.hyogo.lg.jp/wd16/wd16_000000067.html
225	みくまりダム	1.0	"丹波土木事務所
河川課"	"9:00～1７:00
（土・日・祝祭日・年末年始は除く）"		兵庫県丹波市柏原町柏原688	http://web.pref.hyogo.lg.jp/wd16/wd16_000000067.html
226			"篠山市役所
まちづくり部地域整備課"	"9:00～1７:00
（土・日・祝祭日・年末年始は除く）"		兵庫県篠山市北新町41	http://web.pref.hyogo.lg.jp/wd16/wd16_000000067.html
226	諭鶴羽ダム	1.0	"三原川水系ダム統合管理所
（大日ダム管理所）"	"9:00～1７:00
（土・日・祝祭日・年末年始は除く）"		兵庫県南あわじ市賀集生子162-2	http://web.pref.hyogo.lg.jp/wd16/wd16_000000067.html
227	大日ダム	1.0					
228	牛内ダム	1.0					
229	成相ダム	1.0					
230	北富士ダム	1.0					
231	猿谷ダム	1.0 	猿谷ダム管理支所	"9:00～17:00（土・日・祝日を含む）
休日は猿谷ダム管理支所玄関のインターホンを押して下さい。"	奈良県	奈良県五條市大塔町辻堂１－３	http://www.kkr.mlit.go.jp/kinokawa/
232	室生ダム	1.1 	室生ダム管理所	"8:45～17:15
（土・日・祝日を含む）"		奈良県宇陀市室生大野３８４６	http://www.water.go.jp/kansai/kizugawa/index.html
233	布目ダム	1.1 	布目ダム管理所	"8:45～17:15
（土・日・祝日を含む）"		奈良県奈良市北野山町８６９－２	http://www.water.go.jp/kansai/kizugawa/index.html
234	風屋ダム	1.0 	"十津川電力所
（十津川第一発電所）"	"9:00～17:30
（土、日、祝祭日、年末年始（12/29-1/3）、5月1日は除く）"		奈良県吉野郡十津川村小原５－３	http://www.jpower.co.jp/damcard/kazeya.html
			"十津川電力所
（十津川第二発電所）"	"9:00～17:30
（土、日、祝祭日、年末年始（12/29-1/3）、5月1日は除く）"		和歌山県新宮市熊野川町相須485	http://www.jpower.co.jp/damcard/futatsuno.html
235	池原ダム	1.0 	北山川電力所	"9:30～17:30
（土、日、祝祭日、年末年始（12月29日～1月3日）は除く）"		奈良県吉野郡下北山村大字下池原７５１	
236	二津野ダム	1.0 	"十津川電力所
（十津川第一発電所）"	"9:00～17:30
（土、日、祝祭日、年末年始（12/29-1/3）、5月1日は除く）"		奈良県吉野郡十津川村小原５－３	http://www.jpower.co.jp/damcard/kazeya.html
			十津川電力所（第二発電所）	"9:00～17:30
（土、日、祝祭日、年末年始（12/29-1/3）、5月1日は除く）"		和歌山県新宮市熊野川町相須４８５	http://www.jpower.co.jp/damcard/futatsuno.html
237	天理ダム	1.0 	"奈良土木事務所　工務課　
天理ダム管理係"	"8:30～17:00（土、日、祝日含む）
休日は天理ダム管理センター玄関のイン
ターホンを押して下さい。"		奈良県天理市長滝町１４－７	http://www.pref.nara.jp/dd_aspx_menuid-15083.htm
238	白川ダム	1.0 	"奈良土木事務所　工務課　
白川ダム管理係"	"8:30～17:00（土、日、祝日含む）
休日は白川ダム管理センター玄関のイン
ターホンを押して下さい。"		奈良県天理市和爾町８７５－１	http://www.pref.nara.jp/dd_aspx_menuid-15084.htm
239	岩井川ダム	1.0 	"奈良土木事務所　工務課
天理ダム管理係"	"8:30～17:00（土、日、祝日含む）
平日は、奈良土木事務所管理課河川管理係
で配布しています。
休日は天理ダム管理センター玄関のイン
ターホンを押して下さい。"		"奈良県奈良市南紀寺町2-251（平日）
奈良県天理市長滝町１４－７（土、日、祝日）"	http://www.pref.nara.jp/dd_aspx_menuid-21725.htm
240	初瀬ダム	1.0 	"桜井土木事務所　工務課
初瀬ダム管理係"	"8:30～17:00（土、日、祝日含む）
休日は初瀬ダム管理センター玄関のイン
ターホンを押して下さい。"		奈良県桜井市初瀬３６３－２	http://www.pref.nara.jp/dd_aspx_menuid-12718.htm
241	大門ダム	1.0 	"奈良県郡山土木事務所
工務課　施設保全係"	"8:30～17:00
（土、日、祝祭日は除く）"		奈良県大和郡山市満願寺町60-1	http://www.pref.nara.jp/dd.aspx?menuid=12211
242			信貴山観光ｉセンター	"10:00～17:00
定休日無し"		奈良県生駒郡平群町信貴山2280-1	http://www.shigisan.org/
242	坂本ダム	1.0 	"北山川電力所
尾鷲駐在事務所"	"9:30～17:00
（土日祝祭日、年末年始（12月29日～1月3日）は除く）"		尾鷲市古戸町6-26	http://www.jpower.co.jp/damcard/sakamoto.html
243	紀の川大堰	1.0 	紀の川大堰管理所	"9:30～16:00
（土・祝日は除く）"	和歌山県	和歌山県和歌山市有本４６２	http://www.kkr.mlit.go.jp/wakayama/
244	二川ダム	1.0 	二川ダム管理事務所	"9:00～17:45
（土、日、祝祭日を含む）"		"和歌山県有田郡有田川町二川５１８－２
（TEL　0737-23-0251）"	http://www.pref.wakayama.lg.jp/prefg/130400/kensetsu/futagawadam/index.html
245	広川ダム	1.0 	有田振興局建設部広川出張所	"9:00～17:45（土、日、祝祭日を含む）
休日は広川出張所２階事務所入口のインターホンを押して下さい。"		"和歌山県有田郡広川町下津木１６１９－６
（TEL　0737-67-2104）"	http://www.pref.wakayama.lg.jp/prefg/130400/kensetsu/hirogawadam/index.html
246	椿山ダム	1.0 	椿山ダム管理事務所	"9:00～17:45
（土、日、祝祭日を含む）"		"和歌山県日高郡日高川町初湯川１８７４
（TEL　0738-57-0400）"	－
247	七川ダム	1.0 	七川ダム管理事務所	"9:00～17:45
（土、日、祝祭日を含む）"		"和歌山県東牟婁郡古座川町佐田１０１６
（ＴＥＬ　0735-76-0009）"	－
248	菅沢ダム	1.0 	菅沢ダム管理支所	"9:00～17:00
（土・日・祝日を含む）"	鳥取県	鳥取県日野郡日南町菅沢字川西山１１２－１０	http://www.cgr.mlit.go.jp/hinogawa/sugesawa/index.html
249	殿ダム	1.1 	殿ダム管理支所	"８:３0～17:１５
（土・日・祝日を含む）"		鳥取県鳥取市国府町殿206-4	http://www.cgr.mlit.go.jp/tottori/tono/index.html
250	志津見ダム	1.0 	志津見ダム管理支所	"9:00～17:00
（土・日・祝日を含む）"	島根県	島根県飯石郡飯南町角井1891-20	http://www.cgr.mlit.go.jp/izumokasen/
251	尾原ダム	1.0 	尾原ダム管理支所	"9:00～17:00
（土・日・祝日を含む）"		島根県雲南市木次町平田２１１－５	http://www.cgr.mlit.go.jp/izumokasen/
252	布部ダム	1.0 	布部ダム管理所	"9:00～17:00
（土・日・祝日を含む）"		島根県安来市広瀬町布部2845-18	http://www.pref.shimane.lg.jp/kasen/dam/damcard/damcard.html
253	山佐ダム	1.0 	山佐ダム管理所	"9:00～17:00
（土・日・祝日を含む）"		島根県安来市広瀬町上山佐3036-11	http://www.pref.shimane.lg.jp/kasen/dam/damcard/damcard.html
254	三瓶ダム	1.0 	三瓶ダム管理所	"9:00～17:00
（土・日・祝日を含む）"		島根県大田市三瓶町野城イ849-24	http://www.pref.shimane.lg.jp/kasen/dam/damcard/damcard.html
255	八戸ダム	1.0 	八戸ダム管理所	"9:00～17:00
（土・日・祝日を含む）"		島根県江津市桜江町八戸1661-55	http://www.pref.shimane.lg.jp/kasen/dam/damcard/damcard.html
256	浜田ダム	1.0 	浜田ダム管理所	"9:00～17:00
（土・日・祝日を含む）"		島根県浜田市河内町3222-4	http://www.pref.shimane.lg.jp/kasen/dam/damcard/damcard.html
257	大長見ダム	1.0 	大長見ダム管理所	"9:00～17:00
（土・日・祝日を含む）"		島根県浜田市長見町934-14	http://www.pref.shimane.lg.jp/kasen/dam/damcard/damcard.html
258	御部ダム	1.0 	御部ダム管理所	"9:00～17:00
（土・日・祝日を含む）"		島根県浜田市三隅町黒沢2368-6	http://www.pref.shimane.lg.jp/kasen/dam/damcard/damcard.html
259	益田川ダム	1.0 	益田川ダム管理所	"9:00～17:00
（土・日・祝日を含む）"		島根県益田市久々茂町イ1352-1	http://www.pref.shimane.lg.jp/kasen/dam/damcard/damcard.html
260	銚子ダム	1.0 	銚子ダム管理所	"9:00～17:00
（土・日・祝日を含む）"		島根県隠岐郡隠岐の島町原田一ツ木985-8	http://www.pref.shimane.lg.jp/kasen/dam/damcard/damcard.html
261	苫田ダム	1.0 	苫田ダム管理所	"9:00～17:00
（土・日・祝日を含む）"	岡山県	岡山県苫田郡鏡野町久田下原１５９２－４	http://www.cgr.mlit.go.jp/tomata/
262	旭川ダム	1.0 	旭川ダム統合管理事務所	"9:00～17:00
（土・日・祝日を含む）"		岡山県岡山市北区建部町鶴田９３１	http://www.pref.okayama.jp/page/detail-5036.html
263	鳴滝ダム	1.0 	旭川ダム統合管理事務所	"9:00～17:00
（土・日・祝日を含む）
※配布には、ダムへ行った証明（写真等）が必要となります"		岡山県岡山市北区建部町鶴田９３１	http://www.pref.okayama.jp/page/detail-5036.html
264	竹谷ダム	1.0 	旭川ダム統合管理事務所	"9:00～17:00
（土・日・祝日を含む）
※配布には、ダムへ行った証明（写真等）が必要となります"		岡山県岡山市北区建部町鶴田９３１	http://www.pref.okayama.jp/page/detail-5036.html
265	河平ダム	1.0 	旭川ダム統合管理事務所	"9:00～17:00
（土・日・祝日を含む）
※配布には、ダムへ行った証明（写真等）が必要となります"		岡山県岡山市北区建部町鶴田９３１	http://www.pref.okayama.jp/page/detail-5036.html
266	湯原ダム	1.0 	湯原ダム管理事務所	"9:00～17:00
（土・日・祝日を含む）"		岡山県真庭市湯原温泉３番地	http://www.pref.okayama.jp/page/detail-5036.html
267	河本ダム	1.0 	河本ダム管理事務所	"9:00～17:00
（土・日・祝日を含む）"		岡山県新見市金谷１２６－２	http://www.pref.okayama.jp/page/detail-5036.html
268	高瀬川ダム	1.0 	"高梁川ダム統合管理事務所
(備中県民局 新見地域事務所内)"	"9:00～17:00
（土・日・祝日および年末年始を除く）
※配布には、ダムへ行った証明（写真等）が必要となります"		岡山県新見市高尾２４００	http://www.pref.okayama.jp/page/detail-5036.html
269			千屋ダム管理事務所	"9:00～17:00
（土・日・祝日を含む）
※配布には、ダムへ行った証明（写真等）が必要となります"		岡山県新見市菅生７９４３－８	http://www.pref.okayama.jp/page/detail-5036.html
269	千屋ダム	1.0 	千屋ダム管理事務所	"9:00～17:00
（土・日・祝日を含む）"		岡山県新見市菅生７９４３－８	http://www.pref.okayama.jp/page/detail-5036.html
270	三室川ダム	1.0 	"高梁川ダム統合管理事務所
(備中県民局 新見地域事務所内)"	"9:00～17:00
（土・日・祝日および年末年始を除く）
※配布には、ダムへ行った証明（写真等）が必要となります"		岡山県新見市高尾２４００	http://www.pref.okayama.jp/page/detail-5036.html
271			河本ダム管理事務所	"9:00～17:00
（土・日・祝日を含む）
※配布には、ダムへ行った証明（写真等）が必要となります"		岡山県新見市金谷１２６－２	http://www.pref.okayama.jp/page/detail-5036.html
271	楢井ダム	1.0 	"楢井ダム管理事務所
(備中県民局 高梁地域事務所内)"	"9:00～17:00
（土・日・祝日および年末年始を除く）
※配布には、ダムへ行った証明（写真等）が必要となります"		岡山県高梁市落合町近似２８６－１	http://www.pref.okayama.jp/page/detail-5036.html
272	八塔寺川ダム	1.0 	八塔寺川ダム管理事務所	"9:00～17:00
（土・日・祝日を含む）"		岡山県備前市吉永町高田３６１－２	http://www.pref.okayama.jp/page/detail-5036.html
273	津川ダム	1.0 	津川ダム管理事務所	"9:00～17:00
（土・日・祝日を含む）"		岡山県津山市加茂町下津川９９８－８	http://www.pref.okayama.jp/page/detail-5036.html
274	黒木ダム	1.0 	黒木ダム管理事務所	"9:00～17:00
（土・日・祝日を含む）"		岡山県津山市加茂町黒木６２６－１０	http://www.pref.okayama.jp/soshiki/231/
275	小阪部川ダム	1.0 	小阪部川ダム管理事務所	"9:00～17:00
（土・日・祝日および年末年始を除く）"		岡山県新見市上熊谷６９６１	http://www17.ocn.ne.jp/~taka-lid/
276			河本ダム管理事務所	"9:00～17:00
（土・日・祝日を含む）
※配布には、ダムへ行った証明（写真等）が必要となります"		岡山県新見市金谷１２６－２	http://www.pref.okayama.jp/page/detail-5036.html
276	八田原ダム	1.0 	八田原ダム管理所	"9:00～16:00
（土・日・祝日を含む）"	広島県	広島県世羅郡世羅町大字小谷字苦谷山１１００－１	http://www.cgr.mlit.go.jp/hattabara/hattabara_page_00.htm
277	温井ダム	1.0 	"温井ダム管理所
"	"9:00～16:30
（土・日・祝日を含む）
休日は管理所玄関のインターホンを押してください。"		広島県山県郡安芸太田町大字加計１９５６－２	http://www.cgr.mlit.go.jp/nukui/index.htm
278	灰塚ダム	1.0 	"灰塚ダム管理支所
"	"9:00～16:00
（土・日・祝日を含む）"		広島県三次市三良坂町仁賀１５７５	http://www.cgr.mlit.go.jp/miyoshi/haizuka/
279	土師ダム	2.0 	土師ダム管理所	"9:00～17:00
（土・日・祝日を含む）"		広島県安芸高田市八千代町土師３６９－２４	http://www.cgr.mlit.go.jp/haji/
280			土師ダムサイクリングターミナル	"9:00～17:00
（不定休）"		広島県安芸高田市八千代町土師１１９４－１	http://www.yachiyoko.com/
280	魚切ダム	1.0 	魚切ダム管理事務所	8:30～17:15（土･日･祝日を含む）		広島県広島市佐伯区五日市町上河内998-7	http://www.pref.hiroshima.lg.jp/soshiki/99/1171421760967.html
281	椋梨ダム	1.0 	椋梨ダム管理事務所	8:30～17:15（土･日･祝日を含む）		広島県東広島市河内町小田渡原4096	http://www.pref.hiroshima.lg.jp/soshiki/99/1171421166565.html
282	福富ダム	1.0 	福富ダム管理事務所	8:30～17:15（土･日･祝日を含む）		広島県東広島市福富町久芳1-1	http://www.pref.hiroshima.lg.jp/soshiki/99/1171432918817.html
283	弥栄ダム	1.2 	弥栄ダム管理所	"８:３0～1７:１５（平日）
9:00～16:30（土・日・祝日）
休日は管理所玄関のインターホンを押してください。"	"広島県
山口県"	広島県大竹市小方町小方８１３－１	http://www.cgr.mlit.go.jp/yasaka/index.htm
284	小瀬川ダム	3.0 	小瀬川ダム管理事務所	"9:00～17:00
（土・日・祝日を含む）"		広島県廿日市市浅原1030-27	http://www.pref.yamaguchi.lg.jp/cms/a18600/dam/damcard.html
285	島地川ダム	1.1 	島地川ダム管理支所	"9:00～17:00
（土・日・祝日を含む）
平日・休日共に管理所玄関のインターホンを押してください。"	山口県	山口県周南市大字高瀬２５７番地	http://www.cgr.mlit.go.jp/yamaguchi/
286	湯の原ダム	1.0 	山口県企業局西部利水事務所	"9:00～17:00
（土・日・祝日は除く）"		山口県下関市菊川町西中山３８４－１	http://www.pref.yamaguchi.lg.jp/cms/a40100/index/
287	菅野ダム	1.0 	山口県菅野ダム管理事務所	"9:00～17:00
（土・日・祝日を含む）"		山口県周南市大字中須北字川平194-3	http://www.pref.yamaguchi.lg.jp/cms/a18600/dam/damcard.html
288	向道ダム	1.0 	山口県向道ダム管理事務所	"9:00～17:00
（土・日・祝日を含む）"		山口県周南市大字大道理260-7	http://www.pref.yamaguchi.lg.jp/cms/a18600/dam/damcard.html
289	川上ダム	1.0 	山口県川上ダム管理事務所	"9:00～17:00
（土・日・祝日を含む）"		山口県周南市大字川上猿岩13-1	http://www.pref.yamaguchi.lg.jp/cms/a18600/dam/damcard.html
290	佐波川ダム	1.0 	山口県佐波川ダム管理事務所	"9:00～17:00
（土・日・祝日を含む）"		山口県山口市徳地野谷字掛の平620番地	http://www.pref.yamaguchi.lg.jp/cms/a18600/dam/damcard.html
291	木屋川ダム	1.0 	山口県木屋川ダム管理事務所	"9:00～17:00
（土・日・祝日を含む）"		山口県下関市豊田町大字大河内字切石	http://www.pref.yamaguchi.lg.jp/cms/a18600/dam/damcard.html
292	阿武川ダム	1.0 	山口県阿武川ダム管理事務所	"9:00～17:00
（土・日・祝日を含む）"		山口県萩市川上なんかけ2343-1	http://www.pref.yamaguchi.lg.jp/cms/a18600/dam/damcard.html
293	黒杭川ダム	1.0 	山口県黒杭川ダム管理所	"9:00～17:00
（土・日・祝日を含む）"		山口県柳井市柳井森ヶ迫1031-4 	http://www.pref.yamaguchi.lg.jp/cms/a18600/dam/damcard.html
294	黒杭川上流ダム	1.0 					
295	長安口ダム	1.0 	長安口ダム管理所	"8:30～17:15
（土・日・祝日含む）"	徳島県	徳島県那賀郡那賀町長安向イ22-1	http://www.skr.mlit.go.jp/nakagawa/
296	池田ダム	1.0 	池田総合管理所	"8:30～17:00
（土・日・祝日含む）
休日は管理所玄関のインターホンを押してください。"		徳島県三好市池田町西山谷尻４２３５－１池田総合管理所３Ｆ総務課	http://www.ikesou.jp
297	正木ダム	1.0 	正木ダム管理所	"9:00～17:00
（年末年始は除く）"		徳島県勝浦郡上勝町正木藤ノ内１８−２	http://www.pref.tokushima.jp/docs/2009102300030/
298	宮川内ダム	1.0 	宮川内ダム管理所	"9:00～17:00
（年末年始は除く）"		徳島県阿波市土成町宮川内字平間５８	http://www.pref.tokushima.jp/docs/2009102300030/
299	福井ダム	1.0 	福井ダム管理所	"9:00～16:00
（年末年始は除く）
ダム周辺巡視等のため不在の場合があります。"		徳島県阿南市福井町鉦打９５−２１	http://www.pref.tokushima.jp/docs/2009102300030/
300	今切川河口堰	1.0 	旧吉野川河口堰管理所	"9:00～16:30（土・日・祝日含む）
休日は、1階玄関のインターホンにて「ダムカード配布希望」の旨をお伝え下さい。"		徳島県徳島市川内町榎瀬841	http://www.water.go.jp/yoshino/qyoshino/index.html
301	旧吉野川河口堰	1.0 	旧吉野川河口堰管理所	"9:00～16:30（土・日・祝日含む）
休日は、1階玄関のインターホンにて「ダムカード配布希望」の旨をお伝え下さい。"		徳島県徳島市川内町榎瀬841	http://www.water.go.jp/yoshino/qyoshino/index.html
302	香川用水調整池	1.0 	香川用水管理所（琴平町）	"9:00～17:00（土・日・祝日含む）
休日は、琴平町にある香川用水管理所玄関のインターホンを押してください。
※香川用水調整池ダムカードの配布方法はホームページをご覧下さい。"	香川県	香川県仲多度郡琴平町榎井８９１－２	http://www.water.go.jp/yoshino/kagawa/joho/pdf/H23/2011.12.12damu.pdf
303	千足ダム	1.0 	千足ダム管理事務所	"9:00～17:00
（土・日・祝日含む）
休日は管理所玄関のインターホンを押してください。"		東かがわ市川股字千足989	www.pref.kagawa.lg.jp/kasensabo/dam/kanri/
304	五名ダム	1.0 	五名ダム管理事務所	"9:00～17:00
（土・日・祝日含む）
休日は管理所玄関のインターホンを押してください。"		東かがわ市五名223-9	www.pref.kagawa.lg.jp/kasensabo/dam/kanri/
305	大内ダム	1.0 	大内ダム管理事務所	"9:00～17:00
（土・日・祝日含む）
休日は管理所玄関のインターホンを押してください。"		東かがわ市水主2046　	www.pref.kagawa.lg.jp/kasensabo/dam/kanri/
306	大川ダム	1.0 	大川ダム管理事務所	"9:00～17:00
（土・日・祝日含む）
休日は管理所玄関のインターホンを押してください。"		さぬき市大川町田面2940-1　	www.pref.kagawa.lg.jp/kasensabo/dam/kanri/
307	門入ダム	1.0 	門入ダム管理事務所	"9:00～17:00
（土・日・祝日含む）
休日は管理所玄関のインターホンを押してください。"		さぬき市寒川町石田東甲2563-7	www.pref.kagawa.lg.jp/kasensabo/dam/kanri/
308	前山ダム	1.0 	前山ダム管理事務所	"9:00～17:00
（土・日・祝日含む）
休日は管理所玄関のインターホンを押してください。"		さぬき市前山957-6	www.pref.kagawa.lg.jp/kasensabo/dam/kanri/
309	内場ダム	1.0 	内場ダム管理事務所	"9:00～17:00
（土・日・祝日含む）
休日は管理所玄関のインターホンを押してください。"		高松市塩江町上西字内場乙1339　	www.pref.kagawa.lg.jp/kasensabo/dam/kanri/
310	殿川ダム	1.0 	殿川ダム管理事務所	"9:00～17:00
（土・日・祝日含む）
休日は管理所玄関のインターホンを押してください。"		小豆郡小豆島町中山字向條166-3	www.pref.kagawa.lg.jp/kasensabo/dam/kanri/
311	粟地ダム	1.0 	粟地ダム管理事務所	"9:00～17:00
（土・日・祝日含む）
休日は管理所玄関のインターホンを押してください。"		小豆郡小豆島町安田字粟地甲1771-1	www.pref.kagawa.lg.jp/kasensabo/dam/kanri/
312	吉田ダム	1.0 	吉田ダム管理事務所	"9:00～17:00
（土・日・祝日含む）
休日は管理所玄関のインターホンを押してください。"		小豆郡小豆島町吉田字川向乙92-3	www.pref.kagawa.lg.jp/kasensabo/dam/kanri/
313	長柄ダム	1.0 	長柄ダム管理事務所	"9:00～17:00
（土・日・祝日含む）
休日は管理所玄関のインターホンを押してください。"		綾歌郡綾川町東分乙591-4	www.pref.kagawa.lg.jp/kasensabo/dam/kanri/
314	田万ダム	1.0 	田万ダム管理事務所	"9:00～17:00
（土・日・祝日含む）
休日は管理所玄関のインターホンを押してください。"		綾歌郡綾川町枌所東字桜谷1554-34　	www.pref.kagawa.lg.jp/kasensabo/dam/kanri/
315	五郷ダム	1.0 	五郷ダム管理事務所	"9:00～17:00
（土・日・祝日含む）
休日は管理所玄関のインターホンを押してください。"		観音寺市大野原町有木53　	www.pref.kagawa.lg.jp/kasensabo/dam/kanri/
316	粟井ダム	1.0 	粟井ダム管理事務所	"9:00～17:00
（土・日・祝日含む）
休日は管理所玄関のインターホンを押してください。"		 観音寺市粟井町坂瀬4658-8	www.pref.kagawa.lg.jp/kasensabo/dam/kanri/
317	野村ダム	1.0 	野村ダム管理所	"9:00～17:00
（土・日・祝日を含む）
休日は管理所入り口のインターホンを押してください。"	愛媛県	愛媛県西予市野村町野村8-153-1	http://www.skr.mlit.go.jp/nomura/
318	柳瀬ダム	1.0 	柳瀬ダム管理支所	"9:00～17:00
（土・日・祝日を含む）"		愛媛県四国中央市金砂町小川山乙1623-1	http://www.skr.mlit.go.jp/yoshino/
319	鹿野川ダム	1.1 	鹿野川ダム管理庁舎	"9:00～17:00
（土・日・祝日を含む）
土・日・祝日は管理庁舎入口のインターホンを押してください。"		愛媛県大洲市肱川町山鳥坂280	http://www.skr.mlit.go.jp/yamatosa/gaiyou/kanogawa/pamphlet/index.html
320	石手川ダム	1.0 	石手川ダム管理支所	"9:00～17:00
（土・日・祝日を含む）
休日は管理支所入り口のインターホンを押してください。"		愛媛県松山市宿野町乙69-3	http://www.skr.mlit.go.jp/matsuyam/river/ishitegawa/index.html
321	富郷ダム	1.0 	富郷ダム管理所	"8:30～17:00
（土・日・祝日含む）
休日は管理所玄関のインターホンを押してください。"		愛媛県四国中央市富郷町津根山353-6	http://www.ikesou.jp
322	新宮ダム	1.0 	新宮ダム管理所	"8:30～17:00（土・日・祝日含む）
休日は管理所玄関のインターホンを押してください。"		愛媛県四国中央市新宮町馬立1144番地	http://www.ikesou.jp
323	中筋川ダム	1.0 	中筋川ダム管理庁舎	"9:00～17:00
（土・日・祝日を含む）
休日は玄関のインターホンを押してください。"	高知県	高知県宿毛市平田町黒川櫛ヶ崎山5312-48	http://www.skr.mlit.go.jp/nakasuji/
324	大渡ダム	1.0 	大渡ダム管理所	"9:00～17:00
（土・日・祝日を含む）
休日は玄関のインターホンを押してください。"		高知県吾川郡仁淀川町高瀬3815	http://www.skr.mlit.go.jp/oodo/
325	早明浦ダム	1.0 	早明浦ダム管理所	"8:30～17:00
（土・日・祝日含む）
休日は管理所玄関のインターホンを押してください。"		高知県土佐郡土佐町田井6591番地5	http://www.ikesou.jp
326	魚梁瀬ダム	1.0 	高知電力所	"9:00～17:00
（土、日、祝祭日、年末年始（12月29日～1月3日）は除く）"		高知県安芸郡北川村長山１７７	http://www.jpower.co.jp/damcard/yanase.html
327	永瀬ダム	1.0 	永瀬ダム管理事務所	"８:30～17:15（土・日・祝日含む）
（管理所玄関のインターホンを押してください。）"		高知県香美市香北町永瀬１３２８－１	http://www.pref.kochi.lg.jp/soshiki/1701042/	
328	寺内ダム	1.0 	寺内ダム管理所	"8:30～17:00（土・日・祝日含む）
休日は管理所玄関のインターホンを押してください。"	福岡県	福岡県朝倉市荷原１５１６－６	http://www.water.go.jp/chikugo/terauchi/index.html	
329	江川ダム	1.1 	両筑平野用水総合事業所	"8:30～17:00 （土・日・祝日含む）
休日は管理所玄関のインターホンを押してください。"		福岡県朝倉市江川１６６０－６７	http://www.water.go.jp/chikugo/ryochiku/	
330	厳木ダム	1.0 	厳木ダム管理支所	"8:30～17:15（平日）
9:00～17:00（土・日・祝日）"	佐賀県	佐賀県唐津市厳木町広瀬４４６－４	http://www.qsr.mlit.go.jp/kyuragi/	
331	嘉瀬川ダム	1.1 	嘉瀬川ダム管理支所	"8:30～17:15
（土・日・祝日を含む）
休日は玄関のインターホンを押してください。"		佐賀県佐賀市富士町大字畑瀬１－１	http://www.qsr.mlit.go.jp/kasegawa/	
			ダムの駅富士しゃくなげの里	"9:00～18:00
定休日：毎月第2水曜"		佐賀県佐賀市富士町大字畑瀬１-３１		
332	緑川ダム	1.0 	緑川ダム管理所	"8:30～17:00
（土・日・祝日は除く）"	熊本県	"熊本県下益城郡美里町
畝野３４５６"	http://www.qsr.mlit.go.jp/midori/	
333	竜門ダム	1.1 	竜門ダム管理支所	"９:０0～1６:３０（土・日・祝日含む）
年末年始は除く(12月29日～1月3日)"		熊本県菊池市大字龍門870番地	http://www.qsr.mlit.go.jp/ryumon/	
334	下筌ダム	1.0 	下筌ダム管理支所	8:30～17:15（平日）　　　　　　　　　　　　　　　10:00～17:00（土・日・祝日）		熊本県阿蘇郡小国町大字黒渕字鳥穴5827-3	http://www.qsr.mlit.go.jp/toukan/	
335	松原ダム	1.0 	松原ダム管理支所	8:30～17:15（平日）　　　　　　　　　　　　　　　10:00～17:00（土・日・祝日）	大分県	大分県日田市大山町西大山8492-2	http://www.qsr.mlit.go.jp/toukan/	
336	耶馬渓ダム	1.1 	耶馬溪ダム分室	"9:00～17:00（土・日・祝日は除く）
年末年始は除く(12月29日～1月3日)"		大分県中津市耶馬渓町大字柿坂１８０６－６	http://www.qsr.mlit.go.jp/yamakuni/	
337	大山ダム	1.0 	大山ダム管理室	"8:30～17:00（土・日・祝日含む）
休日は管理所玄関のインターホンを押してください。"		大分県日田市大山町西大山2008-1	http://www.water.go.jp/chikugo/oyama/	※建設中だけか？
338	鶴田ダム	1.0 	鶴田ダム管理所	"8:30～17:15
（土・日・祝日は除く）"	鹿児島県	鹿児島県薩摩郡さつま町神子３９８８－２	http://www.qsr.mlit.go.jp/turuta/	
			"大鶴ゆうゆう館
（無料休憩所、食事可能）"	"9:３0～17:00
（日・祝日は除く。臨時休館あり）"		鹿児島県薩摩郡さつま町神子３９８５－９		
339	羽地ダム	1.0 	羽地ダム管理支所	"8:30～17:15
（土・日・祝日含む）"	沖縄県	沖縄県名護市字田井等１０１７－８	http://www.dc.ogb.go.jp/toukan/   	
340	新川ダム	1.0 	福地ダム管理支所	"8:30～17:15
（土・日・祝日含む）"		沖縄県国頭郡東村字川田中上原１１０５－１０８	http://www.dc.ogb.go.jp/toukan/	
341	福地ダム	1.0 	福地ダム管理支所	"8:30～17:15
（土・日・祝日含む）"		沖縄県国頭郡東村字川田中上原１１０５－１０８	http://www.dc.ogb.go.jp/toukan/
342	安波ダム	1.0 	安波ダム管理支所	"8:30～17:15
（土・日・祝日含む）"		沖縄県国頭郡国頭村字安波川瀬原１３０１－２２	http://www.dc.ogb.go.jp/toukan/
343	漢那ダム	1.0 	漢那ダム管理支所	"8:30～17:15
（土・日・祝日含む）"		沖縄県国頭郡宜野座村字漢那中山原２０１５－２	http://www.dc.ogb.go.jp/toukan/
344	普久川ダム	1.0 	安波ダム管理支所	"8:30～17:15
（土・日・祝日含む）"		沖縄県国頭郡国頭村字安波川瀬原１３０１－２２	http://www.dc.ogb.go.jp/toukan/
345	辺野喜ダム	1.0 	安波ダム管理支所	"8:30～17:15
（土・日・祝日含む）"		沖縄県国頭郡国頭村字安波川瀬原１３０１－２２	http://www.dc.ogb.go.jp/toukan/
346	大保ダム	1.0 	大保ダム管理支所	"8:30～17:15
（土・日・祝日含む）"		沖縄県国頭郡大宜味村字田港１３５７－１８	http://www.dc.ogb.go.jp/toukan/
347	金武ダム	1.0 	金武ダム管理支所	"8:30～17:15
（土・日・祝日含む）"		沖縄県国頭郡金武町字金武９９５９	http://www.dc.ogb.go.jp/toukan/　　　（５月９日更新予定）
	※赤字は更新箇所、色掛けは新規掲載ダム						
							
	【参考】統一デザイン以外のカード配布場所一覧						平成2６年4月1日現在
番号	ダム名	Ver.	設置場所	配布日時	"ダム所在
県名"	設置場所の住所	ホームページURL
1	大倉ダム	1.0 	宮城県大倉ダム管理事務所	"8:30～17:15（土・日・祝日を含む）
休日は管理事務所入り口のインターホンを押してください。"	宮城県	宮城県仙台市青葉区大倉字高畑34-12	http://www.pref.miyagi.jp/snd-dam/
2	樽水ダム	1.0 	宮城県仙台地方ダム総合事務所	"8:30～17:15
（土・日・祝日・年末年始を除く）"		宮城県仙台市泉区将監十丁目37-4	http://www.pref.miyagi.jp/snd-dam/
3	七北田ダム	1.0 	宮城県仙台地方ダム総合事務所	"8:30～17:15
（土・日・祝日・年末年始を除く）"		宮城県仙台市泉区将監十丁目37-4	http://www.pref.miyagi.jp/snd-dam/
4	南川ダム	1.0 	宮城県仙台地方ダム総合事務所	"8:30～17:15
（土・日・祝日・年末年始を除く）"		宮城県仙台市泉区将監十丁目37-4	http://www.pref.miyagi.jp/snd-dam/
5	宮床ダム	1.0 	宮城県仙台地方ダム総合事務所	"8:30～17:15
（土・日・祝日・年末年始を除く）"		宮城県仙台市泉区将監十丁目37-4	http://www.pref.miyagi.jp/snd-dam/
6	惣の関ダム	1.0 	宮城県仙台地方ダム総合事務所	"8:30～17:15
（土・日・祝日・年末年始を除く）"		宮城県仙台市泉区将監十丁目37-4	http://www.pref.miyagi.jp/snd-dam/
7	花山ダム	1.0 	宮城県栗原地方ダム総合事務所	"9:00～16:00（土・日・祝日を含む）
休日は管理事務所入り口のインターホンを押してください。"		宮城県栗原市花山字本沢向原11	http://www.pref.miyagi.jp/kh-dam/
8	荒砥沢ダム	1.0 	宮城県栗原地方ダム総合事務所	"9:00～16:00（土・日・祝日を含む）
休日は管理事務所入り口のインターホンを押してください。"		宮城県栗原市花山字本沢向原11	http://www.pref.miyagi.jp/kh-dam/
9	小田ダム	1.0 	宮城県栗原地方ダム総合事務所	"9:00～16:00（土・日・祝日を含む）
休日は管理事務所入り口のインターホンを押してください。"		宮城県栗原市花山字本沢向原11	http://www.pref.miyagi.jp/kh-dam/
10	漆沢ダム	1.0 	宮城県大崎地方ダム総合事務所	"8:30 ～ １７：１５
（土・日・祝日・年末年始を除く）"		宮城県加美郡加美町城生字前田20	http://www.pref.miyagi.jp/osdam/
11	化女沼ダム	1.0 	宮城県大崎地方ダム総合事務所	"8:30 ～ １７：１５
（土・日・祝日・年末年始を除く）"		宮城県加美郡加美町城生字前田20	http://www.pref.miyagi.jp/osdam/
12	上大沢ダム	1.0 	宮城県大崎地方ダム総合事務所	"8:30 ～ １７：１５
（土・日・祝日・年末年始を除く）"		宮城県加美郡加美町城生字前田20	http://www.pref.miyagi.jp/osdam/
13	二ツ石ダム	1.0 	宮城県大崎地方ダム総合事務所	"8:30 ～ １７：１５
（土・日・祝日・年末年始を除く）"		宮城県加美郡加美町城生字前田20	http://www.pref.miyagi.jp/osdam/
14	岩堂沢ダム	1.0 	宮城県大崎地方ダム総合事務所	"8:30 ～ １７：１５
（土・日・祝日・年末年始を除く）"		宮城県加美郡加美町城生字前田20	http://www.pref.miyagi.jp/osdam/
15	水沼ダム	1.0 	茨城県水沼ダム管理事務所	"9:00～16:00
（土・日・祝日および年末年始を除く）"	茨城県	茨城県北茨城市華川町小豆畑１５８６	http://www.pref.ibaraki.jp/bukyoku/doboku/01class/class06/dam/shoukai/mizunuma.html
16	小山ダム	1.0 	茨城県小山ダム管理事務所	"9:00～16:00
（土・日・祝日および年末年始を除く）"		茨城県高萩市横川１５３３－１	http://www.pref.ibaraki.jp/bukyoku/doboku/01class/class06/dam/shoukai/koyama.html
17	花貫ダム	1.0 	茨城県花貫ダム管理事務所	"9:00～16:00
（土・日・祝日および年末年始を除く）"		茨城県高萩市秋山字板木２９８９	http://www.pref.ibaraki.jp/bukyoku/doboku/01class/class06/dam/shoukai/hananuki.html
18	十王ダム	1.0 	茨城県十王ダム管理事務所	"9:00～16:00
（土・日・祝日および年末年始を除く）"		茨城県日立市十王町高原９－１	http://www.pref.ibaraki.jp/bukyoku/doboku/01class/class06/dam/shoukai/juou.html
19	西荒川ダム	1.0 	栃木県西荒川ダム管理所	"9:00～15:00（年末年始を除く）
管理所不在の場合は矢板土木事務所ダム管理部（0287-43-5224）へ連絡ください
（土・日・祝日を除く）"	栃木県	栃木県塩谷郡塩谷町大字上寺島字柄沢	http://www.pref.tochigi.lg.jp/h07/panhuretto.html
20	塩原ダム	1.0 	栃木県塩原ダム管理所	"9:00～15:00（年末年始を除く）
管理所不在の場合は矢板土木事務所ダム管理部（0287-43-5224）へ連絡ください
（土・日・祝日を除く）"		栃木県那須塩原市金沢	http://www.pref.tochigi.lg.jp/h07/panhuretto.html
21	寺山ダム	1.0 	栃木県寺山ダム管理所	"9:00～15:00（年末年始を除く）
管理所不在の場合は矢板土木事務所ダム管理部（0287-43-5224）へ連絡ください
（土・日・祝日を除く）"		栃木県矢板市長井字石切場	http://www.pref.tochigi.lg.jp/h07/panhuretto.html
22	東荒川ダム	1.0 	栃木県東荒川ダム管理所	"9:00～15:00（年末年始を除く）
管理所不在の場合は矢板土木事務所ダム管理部（0287-43-5224）へ連絡ください
（土・日・祝日を除く）"		栃木県塩谷郡塩谷町大字上寺島１６１６－５	http://www.pref.tochigi.lg.jp/h07/panhuretto.html
23	中禅寺ダム	1.0 	栃木県中禅寺ダム管理所	"9:00～15:00（年末年始を除く）
管理所不在の場合は日光土木事務所保全部（0288-53-0174）へ連絡ください
（土・日・祝日を除く）"		栃木県日光市中宮祠1128	http://www.pref.tochigi.lg.jp/h07/panhuretto.html
24	三河沢ダム	1.0 	"日光市役所栗山総合支所
湯西川支所"	"8:30～17:15（年末年始、土日祝祭日を除く）
お問い合わせは日光土木事務所保全部
（0288-53-0174）にお願いします
（土・日・祝日を除く）"		栃木県日光市湯西川709	http://www.pref.tochigi.lg.jp/h07/panhuretto.html
25	松田川ダム	1.0 	栃木県松田川ダム管理所	"10:00～14:00（年末年始を除く）
管理所不在の場合は安足土木事務所保全第一部
（0284-41-4100）へ連絡ください
（土・日・祝日を除く）"		栃木県足利市松田町3450	http://www.pref.tochigi.lg.jp/h07/panhuretto.html
26	深山ダム	ー	栃木県那須広域ダム管理支所	"9:00～16:00
（土・日・祝日・年末年始を除く）"		栃木県那須塩原市百村３０９２－１	http://www.pref.tochigi.lg.jp/g57/index.html
27	小網ダム	1.0 	栃木県今市発電管理事務所小網ダム管理所	"9:00～15:00（年末年始を除く）
（0288－78－0232）"		栃木県日光市藤原字小網1073番地の1地先	http://www.pref.tochigi.lg.jp/j51/damcard/damcard.html
28	庚申ダム	1.0 	庚申ダム管理所	9：00～15：00		栃木県日光市足尾町字花柄山5501番1	http://www.pref.tochigi.lg.jp/j51/damcard/damcard.html
29	板室ダム	ー	栃木県那須広域ダム管理支所	"9:00～16:00
（土・日・祝日・年末年始を除く）"		栃木県那須塩原市百村３０９２－１	http://www.pref.tochigi.lg.jp/g57/index.html
30	佐貫頭首工	1.0 	栃木県今市発電管理事務所　佐貫ダム管理所	"9:00～15:00（年末年始を除く）
（0287－47－0816）"		栃木県塩谷郡塩谷町佐貫	http://www.pref.tochigi.lg.jp/j51/damcard/damcard.html
31	中木ダム	1.0 	安中市役所　谷津庁舎	"8:30～17:15
（土・日・祝日および年末年始を除く）"	群馬県	群馬県安中市安中二丁目１１－２４	http://www.water-usui.jp/
32	大滝ダム	1.0 	大滝ダム管理支所	"9:00～17:00
（土・日・祝日を含む）"	奈良県	奈良県吉野郡川上村大字大滝1051	http://www.kkr.mlit.go.jp/kinokawa/index.php
33	川口ダム	1.0 	徳島県統合管理事務所ダム管理課	"9:00～17:00
（土・日・祝日は除く）"	徳島県	徳島県那賀郡那賀町吉野字イヤ谷７２－１	http://www.pref.tokushima.jp/kigyoukyoku/new-info/damucard.html
34	有田ダム	2.0 	佐賀県有田ダム管理所	"9:00～17:00
（土・日・祝日および年末年始を除く）
職員が不在の場合は玄関付近の張り紙をお読み下さい。"	佐賀県	佐賀県西松浦郡有田町白川1873	http://www.pref.saga.lg.jp/web/kurashi/_1261/kk-damu/damu.html
35	岩屋川内ダム	1.0 	佐賀県岩屋川内ダム管理所	"9:00～17:00
（土・日・祝日および年末年始を除く）
職員が不在の場合は玄関付近の張り紙をお読み下さい。"		佐賀県嬉野市嬉野町大字岩屋川内乙4487-33	http://www.pref.saga.lg.jp/web/kurashi/_1261/kk-damu/damu.html
36	竜門ダム	1.0 	佐賀県竜門ダム管理所	"9:00～17:00
（土・日・祝日および年末年始を除く）
職員が不在の場合は玄関付近の張り紙をお読み下さい。"		佐賀県西松浦郡有田町広瀬山甲2285	http://www.pref.saga.lg.jp/web/kurashi/_1261/kk-damu/damu.html
37	伊岐佐ダム	2.0 	佐賀県伊岐佐ダム管理所	"9:00～17:00
（土・日・祝日および年末年始を除く）
職員が不在の場合は玄関付近の張り紙をお読み下さい。"		佐賀県唐津市相知町伊岐佐490-126	http://www.pref.saga.lg.jp/web/kurashi/_1261/kk-damu/damu.html
38	平木場ダム	2.0 	佐賀県平木場ダム管理所	"9:00～17:00
（土・日・祝日および年末年始を除く）
職員が不在の場合は玄関付近の張り紙をお読み下さい。"		佐賀県唐津市神田1022-1	http://www.pref.saga.lg.jp/web/kurashi/_1261/kk-damu/damu.html
39	本部ダム	1.0 	佐賀県本部ダム管理所	"9:00～17:00
（土・日・祝日および年末年始を除く）
職員が不在の場合は玄関付近の張り紙をお読み下さい。"		佐賀県武雄市若木町本部字井口17376-39	http://www.pref.saga.lg.jp/web/kurashi/_1261/kk-damu/damu.html
40	深浦ダム	1.0 	佐賀県深浦ダム管理所	"9:00～17:00
（土・日・祝日および年末年始を除く）
職員が不在の場合は玄関付近の張り紙をお読み下さい。"		佐賀県杵島郡白石町深浦5367-24	http://www.pref.saga.lg.jp/web/kurashi/_1261/kk-damu/damu.html
41	矢筈ダム	1.0 	佐賀県矢筈ダム管理所	"9:00～17:00
（土・日・祝日および年末年始を除く）
職員が不在の場合は玄関付近の張り紙をお読み下さい。"		佐賀県武雄市西川登町神六字野田28946	http://www.pref.saga.lg.jp/web/kurashi/_1261/kk-damu/damu.html
42	横竹ダム	1.0 	佐賀県横竹ダム管理所	"9:00～17:00
（土・日・祝日および年末年始を除く）
職員が不在の場合は玄関付近の張り紙をお読み下さい。"		佐賀県嬉野市嬉野町吉田乙4997	http://www.pref.saga.lg.jp/web/kurashi/_1261/kk-damu/damu.html
43	狩立･日ﾉ峯ダム	1.0 	佐賀県狩立･日ノ峯ダム管理所	"9:00～17:00
（土・日・祝日および年末年始を除く）
職員が不在の場合は玄関付近の張り紙をお読み下さい。"		佐賀県武雄市山内町宮野22596	http://www.pref.saga.lg.jp/web/kurashi/_1261/kk-damu/damu.html
44	都川内ダム	2.0 	佐賀県都川内ダム管理所	"9:00～17:00
（土・日・祝日および年末年始を除く）
職員が不在の場合は玄関付近の張り紙をお読み下さい。"		佐賀県伊万里市大坪町丙493-3	http://www.pref.saga.lg.jp/web/kurashi/_1261/kk-damu/damu.html
45	中木庭ダム	2.0 	佐賀県中木庭ダム管理所	"9:00～17:00
（土・日・祝日および年末年始を除く）
職員が不在の場合は玄関付近の張り紙をお読み下さい。"		佐賀県鹿島市大字山浦丙2551-4	http://www.pref.saga.lg.jp/web/kurashi/_1261/kk-damu/damu.html
46	井手口川ダム	2.0 	佐賀県井手口川ダム管理所	"9:00～17:00
（土・日・祝日および年末年始を除く）
職員が不在の場合は玄関付近の張り紙をお読み下さい。"		佐賀県伊万里市大川町大字東田代66-1	http://www.pref.saga.lg.jp/web/kurashi/_1261/kk-damu/damu.html
47	金城ダム	1.4 	金城ダム管理所	"9:３0～17:00（土・日・祝日含む）
年末年始（12月29日～1月3日）は除く"	沖縄県	沖縄県那覇市繁多川4丁目553-2	http://www.pref.okinawa.jp/site/doboku/damu/kanri/kinjo.html
48	倉敷ダム	3.0 	倉敷ダム管理所	"9:00～17:00（土・日・祝日含む）
年末年始（12月29日～1月3日）は除く"		沖縄県うるま市石川楚南879-1	http://www.pref.okinawa.jp/site/doboku/damu/kanri/kurashiki.html
	※赤字は更新箇所、色掛けは新規掲載ダム						
							
							




							
							
							
							
							