1	大雪ダム	1.1	大雪ダム管理支所	9:00～17:00 （土・日・祝日を含む）	北海道	上川郡上川町字層雲峡大学平	http://www.as.hkd.mlit.go.jp/taidam/
2	忠別ダム	1.1	忠別ダム管理支所　	9:00～17:00 （土・日・祝日を含む）	北海道	上川郡東川町ノカナン	http://www.as.hkd.mlit.go.jp/tyuudam/index.htm
3	金山ダム	1.1	金山ダム管理支所	9:00～17:00 （土・日・祝日を含む）	北海道	空知郡南富良野町字金山	http://www.sp.hkd.mlit.go.jp/kasen/08isiken/02genba/44kanayama/index.html
4	滝里ダム	1.1	滝里ダム管理支所	9:00～17:00 （土・日・祝日は16:00迄）	北海道	芦別市滝里町６８３	http://www.sp.hkd.mlit.go.jp/kasen/08isiken/02genba/41takisato/index.html
5	桂沢ダム	1.1	桂沢ダム管理支所	9:00～17:15 （土・日・祝日を含む）	北海道	三笠市桂沢	http://www.sp.hkd.mlit.go.jp/kasen/08isiken/02genba/42katura/index.html
6	漁川ダム	1.1	漁川ダム管理支所　	８:30～17:15 （土・日・祝日を含む）	北海道	恵庭市漁平	http://www.sp.hkd.mlit.go.jp/kasen/08isiken/02genba/43izari/index.html
7	豊平峡ダム	1.1	豊平峡ダム管理支所	9:00～16:30（土・日・祝日を含む） （5月上旬～10月下旬）	北海道	札幌市南区定山渓７区	http://www.sp.hkd.mlit.go.jp/kasen/08isiken/02genba/26damtokan/index.html
8	豊平峡ダム		資料室	9:00～16:30（平日のみ） （5月上旬～10月下旬）	北海道	札幌市南区定山渓７区	http://www.sp.hkd.mlit.go.jp/kasen/08isiken/02genba/26damtokan/index.html
9	定山渓ダム	1	定山渓ダム管理支所	9:00～17:00 （平日のみ）	北海道	札幌市南区定山渓８区	http://www.sp.hkd.mlit.go.jp/kasen/08isiken/02genba/26damtokan/index.html
10	定山渓ダム		下流園地（ダム資料館）	9:30～16:00（土・日・祝日を含む、月曜日休館　※月曜日が休日の場合は翌日休館） （5月上旬～11月上旬）	北海道		
11	岩尾内ダム	1.1	岩尾内ダム管理支所	9:00～17:00 （土・日・祝日を含む）	北海道	士別市朝日町岩尾内	http://www.as.hkd.mlit.go.jp/iwaodam/index.html
12	鹿ノ子ダム	1.1	鹿ノ子ダム管理支所	9:00～17:00（土・日・祝日を含む）	北海道	常呂群置戸町字常元	http://www.ab.hkd.mlit.go.jp/kasen/kanoko/index.html
13	十勝ダム	1.1	十勝ダム管理支所	9:00～17:00 （土・日・祝日を含む）「土・日・祝日は門の脇にあるインターホンを押してください」	北海道	上川郡新得町字屈足トムラウシ	http://www.ob.hkd.mlit.go.jp/hp/tokachidam_hp/index.html
14	札内川ダム	1.1	札内川ダム管理支所	8:30～17:00（土・日・祝日を含む） （雨、雪等で通行止めの日もあり、配布できない場合もあります）	北海道	河西郡中札内村南札内７３５－２	http://www.ob.hkd.mlit.go.jp/hp/satsudam_hp/index.htm
15	二風谷ダム	1.1	二風谷ダム管理所	8:30～17:15 （土・日・祝日・12/2９～１／３を除く）	北海道	沙流郡平取町字二風谷２４－４	http://www.mr.hkd.mlit.go.jp/mrken_works/chisui/sarugawa_sougoukaihatsu/sarugawa_sougoukaihatsu/index.html
16	二風谷ダム		沙流川歴史館	9:00～16:30（土・日・祝日を含む） （休館日：月曜日。ただし、月曜日が祝日の場合は、その翌日。年末年始は12月３０日～1月５日。）	北海道	沙流郡平取町字二風谷２２７－２	
17	美利河ダム	1.1	美利河ダム管理支所	8:30～17:15（土・日・祝日を含む） （土・日・祝日は正面入口左側のインターホンを押して下さい。）	北海道	瀬棚郡今金町字美利河	http://www.hk.hkd.mlit.go.jp/water/pirika/
18	留萌ダム	1	留萌ダム管理支所	9:00～17:00（土・日・祝日を含む（５月中旬～10月下旬））	北海道	留萌市大字留萌村字チバベリ3692	http://www.rm.hkd.mlit.go.jp/kasen/dam/index.html
19	夕張シューパロダム（建設中）	1	夕張シューパロダム総合建設事業所	9:00～17:00（土・日・祝日・年末年始除く）	北海道	夕張市南部東町	http://www.sp.hkd.mlit.go.jp/kasen/08isiken/02genba/33yubari/index.html
20	夕張シューパロダム（建設中）		夕張シューパロダム管理棟	9:00～17:00（土･日･祝日を含む（年末年始を除く））	北海道	夕張市南部青葉町	
21	浅瀬石川ダム	1	浅瀬石川ダム管理所	8:30～17:00 （土・日・祝日を含む） ※土日祝日は、管理所の門の脇にあるインターホンを押してください。	青森県	青森県黒石市大字板留字杉の沢２番地	http://www.thr.mlit.go.jp/aseishi/
22	田瀬ダム	1	田瀬ダム管理支所	8:30～17:00（土・日・祝日を含む） ※土日祝日は正面玄関の脇にあるインターホンを押して下さい。	岩手県	岩手県花巻市東和町田瀬39-1-3	http://www.thr.mlit.go.jp/kitakato/
23	四十四田ダム	1	北上川ダム統合管理事務所 （四十四田ダム）	8:30～17:00（土・日・祝日を含む） ※土日祝日は正面玄関の脇にあるインターホンを押して下さい。	岩手県	岩手県盛岡市下厨川字四十四田１　	http://www.thr.mlit.go.jp/kitakato/
24	御所ダム	1	御所湖管理所	8:30～17:00（土・日・祝日を含む） ※土日祝日は正面玄関の脇にあるインターホンを押して下さい。	岩手県	岩手県盛岡市繋字山根192-4	http://www.thr.mlit.go.jp/kitakato/
25	湯田ダム	1	湯田ダム管理支所	8:30～17:00（土・日・祝日を含む） ※土日祝日は正面玄関の脇にあるインターホンを押して下さい。	岩手県	岩手県和賀郡西和賀町杉名畑44地割162-15	http://www.thr.mlit.go.jp/kitakato/
26	胆沢ダム	3	胆沢ダム管理支所	8:30～17:00（土・日・祝日を含む） ※土日祝日は正面玄関の脇にあるインターホンを押して下さい。	岩手県	岩手県奥州市胆沢区若柳字横岳前山６	http://www.thr.mlit.go.jp/kitakato/
27	釜房ダム	1	釜房ダム管理所	8:30～17:00（土・日・祝日を含む） （但し、年末年始12月29日～1月3日を除く）	宮城県	宮城県柴田郡川崎町大字小野字大平山10-6	http://www.thr.mlit.go.jp/kamafusa/
28	鳴子ダム	1.1	鳴子ダム管理所	8:30～17:００ （土・日・祝日を含む） （但し、年末年始（１２／２９～１／３）を除く）	宮城県	宮城県大崎市鳴子温泉字岩渕2-8	http://www.thr.mlit.go.jp/naruko/
29	七ヶ宿ダム	1	七ヶ宿ダム管理所	9:00～17:45（平日） 10:00～17:00（土・日・祝日）（但し、年末年始（12/29～1/3）を除く ） ※土日祝日は、展示室内にあるインターホンを押してください。	宮城県	宮城県刈田郡七ヶ宿町字切通52-40	http://www.thr.mlit.go.jp/shichika/
30	玉川ダム	1.1	玉川ダム管理所	8:30～17:00 （土・日・祝日を含む） ※土日祝日は、管理所正面玄関の脇にあるインターホンを押してください。	秋田県	秋田県仙北市田沢湖玉川字下水無92	http://www.thr.mlit.go.jp/tamagawa/
31	森吉山ダム	1.1	森吉山ダム管理支所	8:30～17:15 （土・日・祝日を含む） ※土日祝日は、管理支所正面玄関の脇にあるインターホンを押してください。	秋田県	秋田県北秋田市根森田字姫ヶ岱３１	http://www.thr.mlit.go.jp/noshiro/kasen/moriyoshi/
32	森吉山ダム		森吉山ダム広報館	9:00～16:30（土・日・祝日を含む） ※休館日：毎週水曜日及び冬期間（12月～3月）	秋田県		
33	月山ダム	1.1	月山ダム管理所	9:00～16:00（土・日・祝日を含む）　　　　※12月～3月は平日のみ	山形県	山形県鶴岡市上名川字東山8-112	http://www.thr.mlit.go.jp/gassan/
34	寒河江ダム	1	最上川ダム統合管理事務所 （寒河江ダム）	9:00～16:00（土・日・祝日を含む）	山形県	山形県西村山郡西川町大字砂子関158	http://www.thr.mlit.go.jp/mogami/
35	白川ダム	1	白川ダム管理支所	9:00～16:00（土・日・祝日を含む）	山形県	山形県西置賜郡飯豊町大字高峰字栗梨沢4215	http://www.thr.mlit.go.jp/mogami/
36	長井ダム	1	長井ダム管理支所	9:00～16:00（土・日・祝日を含む）	山形県	山形県長井市平野字北脇ノ沢４１６４－９	http://www.thr.mlit.go.jp/mogami/
37	管野ダム	1	長井ダム管理支所	9:00～16:00（土・日・祝日を含む）	山形県	山形県長井市平野字北脇ノ沢４１６４－９	http://www.thr.mlit.go.jp/mogami/　　（長井ダムHP） http://www.pref.yamagata.jp/ou/kendoseibi/180006/damkanri/info-kannodam-damcard.html　　（山形県HP）
38	横川ダム	1	キテクロ館及び横川ダム管理支所	9:00～17:00 （土・日・祝日を含む）	山形県	山形県西置賜郡小国町大字綱木箱口736	http://www.hrr.mlit.go.jp/uetsu/index.html
39	荒沢ダム	1	庄内総合支庁 荒沢ダム管理課	9:00～1６:00 （土・日・祝日を除く）	山形県	山形県鶴岡市荒沢字狩篭１４５	http://www.pref.yamagata.jp/ou/sogoshicho/shonai/337081/damucard/damucard.html
40	高坂ダム	1	最上総合支庁 高坂ダム管理課	9:00～1６:00 （土・日・祝日・年末年始を除く）	山形県	山形県最上郡真室川町大字差首鍋２０３５	http://www.pref.yamagata.jp/ou/sogoshicho/mogami/314076/
41	蔵王ダム	1	蔵王ダム管理所	１０:00～1５:３0 （土・日・祝日・年末年始を除く）	山形県	山形県山形市上宝沢字葉の木沢地内	http://www.pref.yamagata.jp/ou/sogoshicho/murayama/301077/copy_of_zaodamu.html
42	木地山ダム	1	木地山ダム管理所	10:00～16:00（土・日・祝日及び12月から翌年５月までの冬期閉鎖期間は除く）	山形県	山形県長井市寺泉字桶沢４２９７	http://www.pref.yamagata.jp/ou/sogoshicho/okitama/326080/kijiyamadam_card.html
43	三春ダム	1	三春ダム管理所	8:30～17:00 （土・日・祝日を含む）（但し、年末年始12月29日～1月3日を除く）	福島県	福島県田村郡三春町大字西方字中ノ内403-4	http://www.thr.mlit.go.jp/miharu/
44	摺上川ダム	1	摺上川ダム管理所	9:00～16:30（土・日・祝日を含む） （但し12月29日～1月3日を除く）	福島県	福島県福島市飯坂町茂庭字蝉狩野山25	http://www.thr.mlit.go.jp/surikami/
45	大川ダム	1.1	大川ダム管理支所	9:00～16:30（土・日・祝日を含む）	福島県	福島県会津若松市大戸町大字大川字李平乙121	http://www.hrr.mlit.go.jp/agagawa/
46	日中ダム	1	大峠・日中総合管理事務所 （日中ダム管理所）	8:30～17:00 （土・日・祝日・年末年始を除く）	福島県	福島県喜多方市熱塩加納町熱塩字オソバ丙1451-3	http://www.pref.fukushima.lg.jp/sec/41353a/nittyuutop.html
47	大内ダム	1	下郷展示館	9:00～16:30 （土・日、祝祭日、5月1日、12月1日～3月31日は除く）	福島県	福島県南会津郡下郷町大字小沼崎字黒倉乙1054-1	http://www.jpower.co.jp/damcard/ouchi.html
48	田子倉ダム	1	只見展示館 （冬季：田子倉電力所）	9:00～16:30 休館日：毎週水曜日 ※冬期休館期間（11月中旬～4月下旬）は田子倉電力所で配布します。詳細はウェブサイトをご参照下さい。	福島県	只見展示館：南会津郡只見町大字只見字後山2476-230 田子倉電力所（冬季）：南会津郡只見町大字只見字新屋敷1604番地 	http://www.jpower.co.jp/damcard/tagokura.html
49	四時ダム	1	四時ダム管理所	8:30～16:30 （土・日・祝日を含む）	福島県	福島県いわき市川部町大沢１６９－１	http://www.pref.fukushima.lg.jp/sec/41383a/
50	高柴ダム	1.1	高柴ダム管理所	8:30～17:00 （土・日・祝日を含む）	福島県	福島県いわき市田人町旅人字井戸沢227-11	http://www.pref.fukushima.lg.jp/sec/41383a/
51	小玉ダム	1	小玉ダム管理所	8:30～17:00 （土・日・祝日・年末年始を除く）	福島県	福島県いわき市小川町高萩字釜ノ前1-25	http://www.pref.fukushima.lg.jp/sec/41380a/kodamadam-top.html
52	東山ダム	1	東山ダム管理所	8:30～17:00 （土・日・祝日・年末年始を除く）	福島県	福島県会津若松市東山町大字湯本字境沢山３３４－２	http://www.pref.fukushima.lg.jp/sec/41340a/www-wakamatsu-kensetsu234.html
53	真野ダム	1	真野ダム管理所	9:30～16:30 （土・日・祝日を含む）	福島県	福島県相馬郡飯舘村大倉字松ｹ平582	http://www.pref.fukushima.lg.jp/sec/41370a/soso20124.html
54	田島ダム	1	南会津建設事務所	8：30～17：00 （土・日・祝日・年末年始を除く）	福島県	福島県南会津郡南会津町田島字根小屋甲４２７７－１　南会津合同庁舎３階	http://www.pref.fukushima.lg.jp/sec/41360a/tajimadamu.html
55	堀川ダム	1	堀川ダム管理所	9:00～17:00 （土・日・祝日・年末年始を除く）	福島県	福島県西白河郡西郷村大字真船字横川１８０－４	http://www.pref.fukushima.lg.jp/sec/41330a/damukengakukai.html
56	こまちダム	1	こまちダム管理所	管理所１０:00～1５:00　　　　　　　　　　　　　小野町8:30～17:00 （土・日・祝日及び年末年始を除く）	福島県	福島県田村郡小野町大字菖蒲谷字堂田４６－２１	http://www.pref.fukushima.jp/kenchu/kensetsu/office/komati-miharu/komati-top/komati-top.html
57	木戸ダム	1	木戸ダム管理所	8:30～16:30 （土・日・祝日・年末年始を除く）	福島県	福島県双葉郡楢葉町大字上小塙字ｼﾍﾞｿﾌ1	http://www.pref.fukushima.lg.jp/sec/41371a/kidodamukanri.html
58	竜神ダム	1	竜神ダム管理事務所	9:00～16:00 （土・日・祝日および年末年始を除く）	茨城県	茨城県常陸太田市下高倉２１５３	http://www.pref.ibaraki.jp/bukyoku/doboku/01class/class06/dam/shoukai/ryujin.html
59	藤井川ダム	1	藤井川ダム管理事務所	9:00～16:00 （土・日・祝日および年末年始を除く）	茨城県	茨城県東茨城郡城里町下古内１８３１	http://www.pref.ibaraki.jp/bukyoku/doboku/01class/class06/dam/shoukai/fujiigawa.html
60	飯田ダム	1	飯田ダム管理事務所	9:00～16:00 （土・日・祝日および年末年始を除く）	茨城県	茨城県笠間市飯田１１２５－１２	http://www.pref.ibaraki.jp/bukyoku/doboku/01class/class06/dam/shoukai/iida.html
61	川治ダム	1.1	川治ダム管理支所	8:30～17:15（土・日・祝日を含む） 休日は管理支所玄関のインターホンを押してください。	栃木県	栃木県日光市川治温泉川治319-6	http://www.ktr.mlit.go.jp/kinudamu
62	五十里ダム	1.1	五十里ダム管理支所	8:30～17:15（土・日・祝日を含む） 休日は管理支所玄関のインターホンを押してください。	栃木県	栃木県日光市川治温泉川治295-1	http://www.ktr.mlit.go.jp/kinudamu/
63	川俣ダム	2	川俣ダム管理支所	8:30～17:15（土・日・祝日を含む） 休日は管理支所玄関のインターホンを押してください。	栃木県	栃木県日光市川俣646-1	http://www.ktr.mlit.go.jp/kinudamu/
64	湯西川ダム	1	湯西川ダム管理支所	8:30～17:15（土・日・祝日を含む） 休日は管理支所屋外のインターホンを押してください。	栃木県	栃木県日光市西川416	http://www.ktr.mlit.go.jp/kinudamu/
65	渡良瀬貯水池	1	渡良瀬遊水池出張所	8:30～17:15 （土・日・祝日・年末年始を除く）	栃木県	埼玉県加須市柏戸字宮345	http://www.ktr.mlit.go.jp/tonejo/
66	渡良瀬貯水池		北川辺スポーツ遊学館 （道の駅きたかわべ）	9:00～17:00 （月(休日の場合は翌日)・年末年始を除く）	栃木県	埼玉県加須市小野袋1737	http://www.city.kazo.lg.jp/
67	沼原ダム	1	森の発電おはなし館	10:00～16:00 冬期休館期間：12/1～4/30	栃木県	栃木県那須塩原市板室字滝の沢897-6	http://www.jpower.co.jp/damcard/numappara.html
68	今市ダム	1	東京電力（株）栃木支店　栃木北支社　鬼怒川制御所	9:00～17:00（土・日・祝日・年末年始を除く） 正面玄関の入所連絡用電話にて「土木保守Ｇ連絡先」にダイヤルしてください。 	栃木県	栃木県日光市鬼怒川温泉滝260	http://www.tepco.co.jp/tochigi/damcard.html
69	栗山ダム	1	東京電力（株）栃木支店　栃木北支社　鬼怒川制御所	9:00～17:00（土・日・祝日・年末年始を除く） 正面玄関の入所連絡用電話にて「土木保守Ｇ連絡先」にダイヤルしてください。 	栃木県	栃木県日光市鬼怒川温泉滝260	http://www.tepco.co.jp/tochigi/damcard.html
70	品木ダム	1	品木ダム水質管理所 （土日祝は同管理所内の環境体験アミューズメント）※	8:30～17:15（平日） 9:30～16:00（土・日・祝日）※ （年末年始は除く。1月～４月中旬は平日のみ）	群馬県	群馬県吾妻郡草津町大字草津６０４－１	http://www.ktr.mlit.go.jp/sinaki/
71	相俣ダム	1	相俣ダム管理支所	8:30～17:15 （年末年始を除く）	群馬県	群馬県利根郡みなかみ町相俣１４９３	http://www.ktr.mlit.go.jp/tonedamu/
72	藤原ダム	1	藤原ダム管理支所	8:30～17:15 （年末年始を除く）	群馬県	群馬県利根郡みなかみ町夜後２６	http://www.ktr.mlit.go.jp/tonedamu/
73	薗原ダム	1	薗原ダム管理支所	8:30～17:15 （年末年始を除く）	群馬県	群馬県沼田市利根町 園原２３７８	http://www.ktr.mlit.go.jp/tonedamu/
74	草木ダム	1.1	草木ダム管理所	8:30～17:00 （土・日・祝日含む）	群馬県	群馬県みどり市東町座間564-6	http://www.water.go.jp/kanto/kusaki/
75	奈良俣ダム	1	奈良俣ダム管理所 	8:30～17:00（土、日、祝日も含む） 管理所玄関のインターホンを押してください （冬期は雪のため立入をお断りしています。詳細は沼田総合管理所ホームページをご確認下さい。） 冬期休館期間：１１月中旬～４月下旬 	群馬県	群馬県利根郡みなかみ町藤原字洗ノ沢6322-24	http://www.water.go.jp/kanto/numata/index.html
76	矢木沢ダム	1	矢木沢ダム管理所	8:30～17:00（土、日、祝日も含む） （冬期は雪のため立入をお断りしています。詳細は沼田総合管理所ホームページをご確認下さい。） 冬期休館期間：１１月中旬～５月上旬	群馬県	群馬県利根郡みなかみ町藤原字矢木沢6381-4	http://www.water.go.jp/kanto/numata/index.html
77	霧積ダム	1	霧積ダム管理事務所	10:00～15:00（土・日・祝日除く）	群馬県	群馬県安中市松井田町坂本１７６８－１３３	http://www.pref.gunma.jp/
78	桐生川ダム	1	桐生川ダム管理事務所	10:00～16:00（土・日・祝日除く）	群馬県	群馬県桐生市梅田町４丁目１７８１	http://www.pref.gunma.jp/
79	道平川ダム	1	道平川ダム管理事務所	10:30～15:30（土・日・祝日除く）	群馬県	群馬県甘楽郡下仁田町大字南野牧字上の峰７９１４	http://www.kendoseibi.pref.gunma.jp/chiiki/tomioka/doudam.htm
80	屋敷川取水ダム	1	道平川ダム管理事務所	10:30～15:30（土・日・祝日除く）	群馬県	群馬県甘楽郡下仁田町大字南野牧字上の峰７９１４	http://www.kendoseibi.pref.gunma.jp/chiiki/tomioka/doudam.htm
81	市野萱川取水ダム	1	道平川ダム管理事務所	10:30～15:30（土・日・祝日除く）	群馬県	群馬県甘楽郡下仁田町大字南野牧字上の峰７９１４	http://www.kendoseibi.pref.gunma.jp/chiiki/tomioka/doudam.htm
82	相沢川取水ダム	1	道平川ダム管理事務所	10:30～15:30（土・日・祝日除く）	群馬県	群馬県甘楽郡下仁田町大字南野牧字上の峰７９１４	http://www.kendoseibi.pref.gunma.jp/chiiki/tomioka/doudam.htm
83	塩沢ダム	1	塩沢ダム管理事務所	10:00～16:00（火・土・日・祝日除く）	群馬県	群馬県多野郡神流町大字塩沢字大松甲	http://www.pref.gunma.jp/
84	塩沢ダム		藤岡土木事務所万場事業所	9:00～17:00（土・日・祝日除く）	群馬県	群馬県多野郡神流町大字万場２１－３	http://www.pref.gunma.jp/
85	坂本ダム	1	霧積ダム管理事務所	10:00～15:00（土・日・祝日除く）	群馬県	群馬県安中市松井田町坂本１７６８－１３３	http://www.pref.gunma.jp/
86	四万川ダム	1.1	四万川ダム管理事務所	10:00～16:00（土・日・祝日除く）	群馬県	群馬県吾妻郡中之条町大字四万４４００－２８	http://www.pref.gunma.jp/
87	大仁田ダム	1	大仁田ダム管理所	10:30～15:30（土・日・祝日除く）	群馬県	群馬県甘楽郡南牧村大仁田１０２３－１	http://www.kendoseibi.pref.gunma.jp/chiiki/tomioka/oonitadam.htm
88	中之条ダム	1	①吾妻発電事務所（通年）　　②中之条ダム管理所（6月～9月のみ）	①9：00～1６：00 （土・日・祝日および年末年始除く） ②9：00～16：00	群馬県	①群馬県吾妻郡中之条町大字折田９１７　　　②群馬県吾妻郡中之条町大字四万殿界戸３１－４	http://www.pref.gunma.jp/06/q1300021.html
89	平出ダム	1	平出ダム管理所	9：00～16：00 （土・日・祝日および年末年始除く）	群馬県	群馬県沼田市白沢町平出１４８３－２	http://www.pref.gunma.jp/06/q1300020.html
90	神水ダム	1	神水ダム管理所	9：00～16：00 （土・日・祝日および年末年始除く）	群馬県	群馬県藤岡市鬼石５９４－１	http://www.pref.gunma.jp/06/q1300022.html
91	黒坂石ダム	1	渡良瀬発電事務所	9：00～1６：00 （土・日・祝日および年末年始除く）	群馬県	群馬県みどり市大間々町桐原１１６３	http://www.pref.gunma.jp/06/q1300023.html
92	高津戸ダム	1	渡良瀬発電事務所	9：00～1６：00 （土・日・祝日および年末年始除く）	群馬県	群馬県みどり市大間々町桐原１１６３	http://www.pref.gunma.jp/06/q1300019.html
93	二瀬ダム	1.1	二瀬ダム管理所	8:30～17:15（土・日・祝日を含む）	埼玉県	埼玉県秩父市大滝３９３１－１	http://www.ktr.mlit.go.jp/futase/
94	荒川貯水池	1	西浦和出張所	8:30～17:15（土・日・祝日は除く）	埼玉県	埼玉県さいたま市桜区田島8-17-1	http://www.ktr.mlit.go.jp/arajo/
95	荒川貯水池		彩湖自然学習センター	10:00～16:30（休館日除く） 休館日：第２・第４・第５月曜日（この日が祝日、振替休日の場合は開館）、月末　館内整理日(この日が、土日曜日、休日の場合は開館）、年末年始 12月29日～翌年1月4日まで 	埼玉県	埼玉県戸田市大字内谷2887	http://www.city.toda.saitama.jp/433/432448.html
96	下久保ダム	2	下久保ダム管理所	8:30～17:00（土・日・祝日を含む）	埼玉県	埼玉県児玉郡神川町大字矢納1356-3	http://www.water.go.jp/kanto/simokubo/index.html
97	浦山ダム	1	荒川ダム総合管理所	9:00～17:00（土・日・祝日を含む、年末年始除く） 土日祝日は管理所玄関のインターホンを押してください。	埼玉県	埼玉県秩父市荒川久那4041	http://www.water.go.jp/kanto/arakawa/index.html
98	滝沢ダム	1.2	滝沢ダム管理所	9:00～17:00（土・日・祝日を含む、年末年始除く） 土日祝日は管理所玄関のインターホンを押してください。	埼玉県	埼玉県秩父市大滝3021	http://www.water.go.jp/kanto/arakawa/index.html
99	有間ダム	1	有間ダム管理所	9:00～16:00 （土・日・祝祭日および年末年始を除く）	埼玉県	埼玉県飯能市大字下名栗１８３０－４	http://www.pref.saitama.lg.jp/site/hannokendo-damu-arima/
100	合角ダム	1	合角ダム管理所	9:00～16:00 （土・日・祝祭日を含む）	埼玉県	埼玉県秩父市上吉田４８５０－１	http://www.pref.saitama.lg.jp/site/k-dam/
101	権現堂調節池	1	権現堂調節池管理所	9:30～16:30 （土、日、祝祭日および年末年始を除く）	埼玉県	埼玉県幸手市大字権現堂１０１４	http://www.pref.saitama.lg.jp/page/gongendoukanri.html
102	利根川河口堰	1	利根川河口堰管理所	8:30～17:00 （土・日・祝日を含む） 土日祝日は、管理所の門の脇にあるインターホンを押してください。	千葉県	千葉県香取郡東庄町新宿２２７６	http://www.water.go.jp/kanto/tonekako/
103	矢那川ダム	1	君津土木事務所維持課	８：３０～１７：１５ （土・日・祝日および年末年始を除く）	千葉県	千葉県木更津市貝渕３－１３－３４	http://www.pref.chiba.lg.jp/cs-kimitsu/
104	亀山ダム	1.2	千葉県亀山・片倉ダム管理事務所	8:30～17:15 （土・日・祝日および年末年始を除く）	千葉県	千葉県君津市豊田３３	http://www.pref.chiba.lg.jp/d-kameyama/index.html
105	片倉ダム	1.2			千葉県		
106	高滝ダム	1	千葉県高滝ダム管理事務所	8:30～17:15 （土・日・祝日および年末年始を除く）	千葉県	千葉県市原市養老４６８	http://www.pref.chiba.lg.jp/d-takataki/index.html
107	高滝ダム		高滝ダム記念館	9:00～17:00 （月（月曜が祝日の場合は翌日）と年末年始を除く）	千葉県	千葉県市原市養老４６７	http://www.kanko.chuo.chiba.jp/kanko/1084/
108	小河内ダム	1	小河内貯水池管理事務所	８:３0～17:１５ （土・日・祝日・年末年始は除く）	東京都	東京都西多摩郡奥多摩町原５番地	http://www.waterworks.metro.tokyo.jp/water/pp/tenbou/ogouchi.html
109	小河内ダム		小河内ダム展望塔	10:00～16:00 10:00～17:00（７／２０～８／３１） （土・日・祝日含む） 休館日　年末年始（１２／２８～１／４）　	東京都		
110	小河内ダム		奥多摩 水と緑のふれあい館	9:30～17:00 （土・日・祝日を含む） 休館日　水曜日（祝日の時は、その翌日） 　　　　年末年始（１２／２８～１／４）	東京都		
111	宮ヶ瀬ダム	1.1	相模川水系広域ダム管理事務所	8:30～17:15 （土・日・祝日及び年末・年始を除く）	神奈川県	神奈川県相模原市緑区青山字南山2145-50	http://www.ktr.mlit.go.jp/sagami/
112	宮ヶ瀬ダム		宮ヶ瀬ダム水とエネルギー館	4月～11月：9:00～１７：０0 12月～3月：10:00～16:00 （月（祝日の場合はその翌日）および年末年始を除く）	神奈川県	神奈川県愛甲郡愛川町半原字大沢5157	
113	石小屋ダム	1	相模川水系広域ダム管理事務所	8:30～17:15 （土・日・祝日及び年末・年始を除く）	神奈川県	神奈川県相模原市緑区青山字南山2145-50	http://www.ktr.mlit.go.jp/sagami/
114	石小屋ダム		宮ヶ瀬ダム水とエネルギー館	4月～11月：9:00～１７：０0 12月～3月：10:00～16:00 （月（祝日の場合はその翌日）および年末年始を除く）	神奈川県	神奈川県愛甲郡愛川町半原字大沢5157	
115	相模ダム	1.1	相模川水系ダム管理事務所 相模ダム管理所	9:00～1７:０0 （土・日・祝日および年末年始を除く）	神奈川県	神奈川県相模原市緑区与瀬２３９	http://www.pref.kanagawa.jp/div/3010/
116	相模ダム		相模湖交流センター	9:00～21：30 （月（祝日の場合はその翌日）および年末年始を除く）	神奈川県	神奈川県相模原市緑区与瀬259-1	http://www.sagamiko-kouryu.jp/
117	城山ダム	1.1	相模川水系ダム管理事務所	9:00～1７:０0 （土・日・祝日および年末年始を除く）	神奈川県	神奈川県相模原市緑区城山２－９－１	http://www.pref.kanagawa.jp/div/3010/
118	城山ダム		津久井湖記念館	9:00～1７:０0 （火（祝日の場合はその翌日）および年末年始を除く）	神奈川県	神奈川県相模原市緑区城山２―９―５	http://www.samaria.com/tukuiko/
119	三保ダム	1	酒匂川水系ダム管理事務所	9:00～1７:０0 （土・日・祝日および年末年始を除く）	神奈川県	神奈川県足柄上郡山北町神尾田７３４	http://www.pref.kanagawa.jp/div/3011/
120	三保ダム		丹沢湖記念館	9:00～1７:０0 （１２月～３月の水および年末年始を除く）　　　　　　　　　　　　　　　　　　　　（４月～11月の土・日・祝日を含む）	神奈川県	神奈川県足柄上郡山北町神尾田７５９－２	http://www14.ocn.ne.jp/~t-kinen/
121	荒川ダム	1.1	荒川ダム管理事務所	9:00～17:00 （土、日、祝祭日も含む）	山梨県	山梨県甲府市川窪町浦の山９７２	http://www.pref.yamanashi.jp/damu-arkw/index.html
122	琴川ダム	1	広瀬・琴川ダム管理事務所琴川ダム管理課	9:00～17:00 （土、日、祝祭日も含む）	山梨県	山梨県山梨市牧丘町北原４１４０－６１	http://www.pref.yamanashi.jp/damu-hrkt/index.html
123	深城ダム	2	深城ダム管理事務所	8:30～17:15 （土、日、祝祭日も含む）	山梨県	山梨県大月市七保町瀬戸2308-11	http://www.pref.yamanashi.jp/damu-fk/index.html
124	大門ダム	1	大門・塩川ダム管理事務所　大門ダム管理課	8:30～17:15 （土、日、祝祭日も含む）	山梨県	山梨県北杜市高根町清里３６５４－７	http://www.pref.yamanashi.jp/dam-dmskkn/toppage.html
125	塩川ダム	1	大門・塩川ダム管理事務所　塩川ダム管理課	8:30～17:15 （土、日、祝祭日も含む）	山梨県	山梨県北杜市須玉町比志３７８３－１	http://www.pref.yamanashi.jp/dam-dmskkn/92021224905.html
126	広瀬ダム	1	広瀬・琴川ダム管理事務所広瀬ダム管理課	9:00～17:00 （土、日、祝祭日も含む）	山梨県	山梨県山梨市三富上釜口篠平１１７８－１	http://www.pref.yamanashi.jp/damu-hrkt/index.html
127	大町ダム	1.1	大町ダム管理所	８:３0～1７:30 （土・日・祝日を含む）	長野県	長野県大町市平字ナロヲ大クボ2112-71	http://www.hrr.mlit.go.jp/omachi/
128	味噌川ダム	1.2	味噌川ダム管理所	9:00～17:00 （土、日、祝日、年末年始を除く）　　	長野県	長野県木曽郡木祖村大字小木曽2058-22	http://www.water.go.jp/chubu/misogawa/index.html
129	美和ダム	1	美和ダム管理支所	8:30～17:15 （土・日・祝日を含む）	長野県	長野県伊那市長谷非持３４５	http://www.cbr.mlit.go.jp/tendamu/
130	小渋ダム	1	天竜川ダム統合管理事務所	8:30～17:00 （土・日・祝日を含む）	長野県	長野県上伊那郡中川村 大草６８８４－１９	http://www.cbr.mlit.go.jp/tendamu/
131	牧尾ダム	1	愛知用水総合管理所牧尾管理所	8:45～17:15 （土・日・祝日を含む） 管理所玄関のインターホンを押してください。	長野県	長野県木曽郡木曽町三岳7696番地の1	http://www.water.go.jp/chubu/aityosui/index.html
132	三国川ダム	1.1	三国川ダム管理所	8:30～17:15（土・日・祝日を含む） ※冬期期間（例年12月～4月）は県道・市道閉鎖の為、配付はできません。	新潟県	新潟県南魚沼市清水瀬686-59	http://www.hrr.mlit.go.jp/saguri/index.html
133	大石ダム	1	大石ダム管理支所	8:30～17:00 （土・日・祝日を含む）	新潟県	新潟県岩船郡関川村大字大石字イブリサシ４０４－３	http://www.hrr.mlit.go.jp/uetsu/index.html
134	奥三面ダム	1	奥三面ダム管理所	10:30～15:00 （土日祝日及び年末年始は除く） ※冬期閉鎖の期間（例年11月～4月）は配付できない。	新潟県	新潟県村上市三面	http://www.pref.niigata.lg.jp/murakami_seibi/1214852491843.html
135	三面ダム	1	三面ダム管理所	8:30～17:00 （土日祝日及び年末年始は除く）	新潟県	新潟県村上市岩崩	http://www.pref.niigata.lg.jp/murakami_seibi/1214852491843.html
136	胎内川ダム	1	胎内川ダム管理所	9:00～16:30 （土日祝日を含む毎日） ※県道が冬期間は通行止になるため、その間は配布できない（例年11月下旬～6月上旬）	新潟県	新潟県胎内市下荒沢字胎内山	http://www.pref.niigata.lg.jp/shibata_seibi/damu-t.html
137	内の倉ダム	1	内の倉ダム管理所	9:00～16:30 （土日祝日を含む毎日） ※県道が冬期間は通行止になるため、その間は配布できない（例年11月下旬～4月下旬）	新潟県	新潟県新発田市小戸字足無沢3155	http://www.pref.niigata.lg.jp/shibata_seibi/damu-u.html
138	加治川治水ダム	1	加治川治水ダム管理所	9:00～16:30 （土日祝日を含む毎日） ※県道が冬期間は通行止になるため、その間は配布できない（例年11月下旬～5月下旬）	新潟県	新潟県新発田市滝谷字北俣沢	http://www.pref.niigata.lg.jp/shibata_seibi/damu-k.html
139	早出川ダム	1	早出川ダム管理所	8:30～17:15 （土日祝日及び年末年始は除く）	新潟県	新潟県五泉市小面谷字飛石2982	http://www.pref.niigata.lg.jp/niigata_seibi_niitsu/1226952075862.html
140	笠堀ダム	1	大谷ダム管理所	9:00～16:30 （土日祝日及び年末年始は除く）	新潟県	新潟県三条市大谷171-2	http://www.pref.niigata.lg.jp/sanjou_seibi/1230062494447.html
141	笠堀ダム		大谷ダム資料館	9:00～16:00 （開館時のみ土日祝日含む）	新潟県		
142	大谷ダム	1	①大谷ダム管理所 ②大谷ダム資料館	①9:00～16:30 （土日祝日及び年末年始は除く） ②9:00～16:00 （開館時のみ土日祝日含む）	新潟県	新潟県三条市大谷171-2	http://www.pref.niigata.lg.jp/sanjou_seibi/1231358592416.html
143	下条川ダム	1	下条川ダム管理所	8:30～17:00 （土日祝日を含む毎日）	新潟県	新潟県加茂市下条字祖坂879	http://www.pref.niigata.lg.jp/sanjou_seibi/1231966928823.html
144	刈谷田川ダム	1	刈谷田川ダム管理所	8:30～17:00 （土日祝日を含む） ※県道が冬期間は通行止になるため、その間は配布できない（例年12月下旬～5月中旬）	新潟県	新潟県長岡市栃堀7297-3	http://www.pref.niigata.lg.jp/nagaoka_seibi/1195143378776.html
145	破間川ダム	1	①破間川ダム管理所 ②魚沼地域振興局 　地域整備部	①10:00～15:00 ②8:30～17:00 （土日祝日及び年末年始は除く） ※②で配布の場合、ダムへ行った証明写真等が必要	新潟県	①新潟県魚沼市大白川886-78 ②新潟県魚沼市大塚新田176	http://www.pref.niigata.lg.jp/kasenkanri/index.html
146	広神ダム	2.1	①広神ダム管理所 ②魚沼地域振興局 　地域整備部	①9:30～15:30 ②8:30～17:00 （土日祝日及び年末年始は除く） ※②で配布の場合、ダムへ行った証明写真等が必要	新潟県	①新潟県魚沼市小平尾2950-1 ②新潟県魚沼市大塚新田176	http://www.pref.niigata.lg.jp/uonuma_seibi/1200589228675.html
147	鯖石川ダム	1	鯖石川ダム管理所	8:30～17:00 （土日祝日を含む）	新潟県	新潟県柏崎市高柳町田代1553-1	http://www.pref.niigata.lg.jp/kashiwazaki_seibi/damkanri.html
148	柿崎川ダム	1	柿崎川ダム管理所	8:30～17:00 （土日祝日及び年末年始は除く）	新潟県	新潟県上越市柿崎区上中山1801	http://www.pref.niigata.lg.jp/kasenkanri/index.html
149	正善寺ダム	1	正善寺ダム管理所	8:30～17:00 （土日祝日及び年末年始は除く）	新潟県	新潟県上越市大字上善寺字石原3359	http://www.pref.niigata.lg.jp/kasenkanri/index.html
150	大野川ダム	1	大野川ダム管理所	8:30～17:00 （土日祝日を含む）	新潟県	新潟県佐渡市新穂大野1-1	http://www.pref.niigata.lg.jp/kasenkanri/index.html
151	久知川ダム	1	大野川ダム管理所	8:30～17:00 （土日祝日を含む） ※配布の場合、ダムへ行った証明写真等が必要	新潟県	新潟県佐渡市新穂大野1-1	http://www.pref.niigata.lg.jp/kasenkanri/index.html
152	新保川ダム	1	大野川ダム管理所	8:30～17:00 （土日祝日を含む） ※配布の場合、ダムへ行った証明写真等が必要	新潟県	新潟県佐渡市新穂大野1-1	http://www.pref.niigata.lg.jp/kasenkanri/index.html
153	城川ダム	1	十日町地域振興局地域整備部庶務課	8:30～17:00 （土日祝日及び年末年始は除く） ※配布の場合、ダムへ行った証明写真等が必要	新潟県	新潟県十日町市妻有町西2丁目1番地 	http://www.pref.niigata.lg.jp/kasenkanri/index.html
154	城川ダム		十日町市松代支所農林建設課	8:30～17:00（土日祝日を含む） ※配布の場合、ダムへ行った証明写真等が必要	新潟県	新潟県十日町市松代3252-1	
155	奥只見ダム	1	奥只見電力館 	9:00～16:50 冬期休館期間：11月中旬～5月中旬	新潟県	新潟県魚沼市湯之谷芋川1317-3	http://www.jpower.co.jp/damcard/okutadami.html
156	黒又川第二ダム	1	小出電力所　	9:00～16:30 （土・日、祝日、12月29日～1月3日、5月1日は除く）	新潟県	新潟県魚沼市小出島８８９番地	http://www.jpower.co.jp/damcard/kuromatagawadaini.html
157	二居ダム	1	ＯＫＫＹ （冬季：奥清津電力所）	9:30～17:00 休館日：毎週月曜日（月曜日が祝祭日の場合は火曜日） ※冬期休館期間（12月1日～3月31日）はOKKYに隣接する奥清津電力所で配布します。詳細はウェブサイトをご参照下さい。	新潟県	新潟県南魚沼郡湯沢町大字三国字土場山502	http://www.jpower.co.jp/damcard/futai.html
158	宇奈月ダム	1	宇奈月ダム管理所	9:00～16:30 （12～3月の土・日・祝日及び年末年始を除く）	富山県	富山県黒部市宇奈月町舟見明日音沢４－９	http://www.hrr.mlit.go.jp/kurobe/
159	黒部ダム	1	①黒部ダムレストハウス売店 ②扇沢駅売店	①黒部ダムレストハウス売店：7：30～16：50 ②扇沢駅売店：8：30～18：00 ※時期により配布時間に変動あり。詳しくは黒部ダムオフィシャルサイトをご参照下さい。 ※4月中旬頃～11月下旬（土・日・祝日を含む） ※ダムへ行った証明として、関電トロリーバスの乗車券の提示が必要。	富山県	①富山県中新川郡立山町芦峅寺 ②長野県大町市平２１１７－２	http://www.kurobe-dam.com/event_info/1322.html
160	上市川ダム	1	上市川ダム管理事務所	９：００～１７：００ （土日祝日、年末年始を除く）	富山県	富山県中新川郡上市町東種字郷津1-2	http://www.pref.toyama.jp/cms_sec/1551/index.html
161	上市川第二ダム	1	上市川ダム管理事務所	９：００～１７：００ （土日祝日、年末年始を除く）	富山県	富山県中新川郡上市町東種字郷津1-2	http://www.pref.toyama.jp/cms_sec/1551/index.html
162	和田川ダム	1	和田川ダム管理事務所	９：００～１７：００ （土日祝日、年末年始を除く）	富山県	富山県砺波市増山1491	http://www.pref.toyama.jp/cms_sec/1552/index.html
163	白岩川ダム	1	白岩川ダム管理事務所	９：００～１７：００ （土日祝日、年末年始を除く）	富山県	富山県中新川郡立山町白岩字矢割29	http://www.pref.toyama.jp/branches/1554/1554.htm
164	子撫川ダム	1	子撫川統合ダム管理事務所	９：００～１７：００ （土日祝日、年末年始を除く）	富山県	富山県小矢部市宮中字新村15	http://www.pref.toyama.jp/cms_sec/1559/index.html
165	室牧ダム	1	室牧ダム管理事務所	９：００～１７：００ （土日祝日、１１月下旬～４月下旬を除く） ＊１１月下旬～４月下旬までは道路が通行止めになるため配布しません。	富山県	富山県富山市八尾町蒲谷41-3 ＊道路の道幅が狭く、広い駐車スペースがないので、ご注意ください。	http://www.pref.toyama.jp/branches/1550/1550.htm
166	境川ダム	1	桂湖ビジターセンター	９：００～１７：００ （土日祝日を含む。１１月末～５月上旬を除く） ＊１１月下旬～５月上旬までは道路が通行止めになるため配布しません。	富山県	富山県南砺市桂	http://www.pref.toyama.jp/cms_sec/1563/index.html
167	手取川ダム	1	手取川総合開発記念館　	9:00～16:30 休館日：毎週木曜・祝日の翌日・木曜が祝日の場合はその翌日 12月～3月閉鎖（積雪により開館月は不定期）	石川県	石川県白山市桑島9-24-30	http://www.pref.ishikawa.lg.jp/tedori/kinenkan.html
168	手取川ダム		道の駅　瀬女	9:00～17:30 休館日：水曜　ただし白山スーパー林道が開通している期間（概ね6月～11月上旬）は無休	石川県	石川県白山市瀬戸寅163-1	http://www.hrr.mlit.go.jp/road/miti_eki/each_folder/sena/sena.html
169	手取川ダム		白山砂防科学館	9:00～17:00 休館日：毎週木曜日、年末年始（12月29日～1月3日）	石川県	石川県白山市白峰ツ40番地1 	http://www.hrr.mlit.go.jp/kanazawa/hakusansabo/08kagakukan/kagakukan01.html
170	大日川ダム	1	大日川ダム管理事務所	9:00～17:00 （土・日・祝日を含む）	石川県	石川県白山市阿手町乙２-７	http://www.pref.ishikawa.jp/dainichikawadamu/
171	九頭竜ダム	1	九頭竜ダム管理支所	9:00～17:00 （土・日・祝日を含む）	福井県	福井県大野市長野第３３号４番地の１	http://www.kkr.mlit.go.jp/kuzuryu/
172	真名川ダム	1	真名川ダム管理支所	9:00～17:00 （土・日・祝日を含む）	福井県	福井県大野市下若生子２５字水谷１－３６	http://www.kkr.mlit.go.jp/kuzuryu/
173	鳴鹿大堰	1	鳴鹿大堰管理所	8:30～17:15 （土・日・祝日は除く）	福井県	福井県吉田郡永平寺町法寺岡５－２６－１	http://www.kkr.mlit.go.jp/fukui/
174	鳴鹿大堰	1	九頭竜川流域防災センター	9:00～16:30 （休館日：毎週月・火曜日、年末年始（12月29日～1月3日）を除く）	福井県	福井県吉田郡永平寺町法寺岡５－２４	http://www.kkr.mlit.go.jp/fukui/
175	龍ヶ鼻ダム	1	龍ヶ鼻・永平寺ダム統合管理事務所	8:30～17:15 （土・日・祝日を含む）	福井県	福井県坂井市丸岡町上竹田50-56-2	http://www.pref.fukui.jp/doc/sabo/index.html
176	永平寺ダム	1	龍ヶ鼻・永平寺ダム統合管理事務所	8:30～17:15 （土・日・祝日を含む）	福井県	福井県坂井市丸岡町上竹田50-56-2	http://www.pref.fukui.jp/doc/sabo/index.html
177	笹生川ダム	1	笹生川ダム監視所	8:30～17:15 （土・日・祝日を含む（4月1日～11月30日））	福井県	福井県大野市本戸	http://www.pref.fukui.jp/doc/sabo/index.html
178	浄土寺川ダム	1	浄土寺川ダム監視所	8:30～17:15 （土・日・祝日を含む（4月1日～11月３０日））	福井県	福井県勝山市１７０字奥山	http://www.pref.fukui.jp/doc/sabo/index.html
179	広野ダム	1	広野ダム監視所	8:30～17:15 （土・日・祝日を含む）	福井県	福井県南条郡南越前町広野46-1-8	http://www.pref.fukui.jp/doc/sabo/index.html
180	桝谷ダム	1	桝谷ダム監視所	8:30～17:15 （土・日・祝日を含む）	福井県	福井県南条郡南越前町宇津尾95-17-５	http://www.pref.fukui.jp/doc/sabo/index.html
181	大津呂ダム	1	大津呂ダム管理事務所	8:30～17:15 （４月～１１月は土・日・祝日を除く） （12月～３月は土・日・祝日を含む）  	福井県	福井県小浜市遠敷１丁目１０１	http://www.pref.fukui.jp/doc/sabo/index.html
182	大津呂ダム		大津呂ダム監視所	8:30～17:15 （４月～１１月は土・日・祝日を含む） 　※12月～３月および水曜日は閉館 	福井県	福井県大飯郡おおい町本郷１６２－１－１８	
183	鷲ダム	1	九頭竜電力所	8:30～17:00 （土、日、祝祭日、年末年始（12/29～1/3）は除く）	福井県	福井県大野市長野３６－１７	http://www.jpower.co.jp/damcard/washi.html
184	丸山ダム	1.1	丸山ダム管理所	8:30～17:15 （休日は管理所確認）	岐阜県	岐阜県加茂郡八百津町鵜の巣1422-5	http://www.cbr.mlit.go.jp/maruyama/
185	小里川ダム	1	小里川ダム管理支所	8:30～17:15（平日） 9:00～16:00（土・日・祝日） （12月２9日～1月3日は除く）	岐阜県	岐阜県恵那市山岡町田代１５６５－２１	http://www.cbr.mlit.go.jp/shonai/origawa/index.htm
186	横山ダム	2	木曽川上流河川事務所 横山ダム管理支所	8:30～17:15 （土・日・祝日を含む）	岐阜県	岐阜県揖斐郡揖斐川町東横山1330	http://www.cbr.mlit.go.jp/kisojyo/yokoyama/index.html
187	阿木川ダム	1	阿木川ダム管理所	8:30～17:00 （土・日・祝日含む）	岐阜県	岐阜県恵那市東野字花無山２２０１－７９	http://www.water.go.jp/chubu/agigawa/
188	岩屋ダム	1.1	岩屋ダム管理所	8:30～17:00  （土・日・祝日含む） 管理所玄関のインターホンを押してください。	岐阜県	岐阜県下呂市金山町卯野原６－２７	http://www.water.go.jp/chubu/iwaya/index.html
189	徳山ダム	2	徳山ダム管理所	9:00～17:00 （土・日・祝日含む）	岐阜県	岐阜県揖斐郡揖斐川町開田４４８	http://www.water.go.jp/honsya/honsya/damcard/area/tokuyama_card.html
190	打上調整池	1	日本昭和音楽村管理事務所	9:00～17:00 （休館日は除く　休館日：水曜、祝日、年末年始） ※休館日は念のため日本昭和音楽村ホームページにてご確認ください。 ※日本昭和音楽村にて中里ダム・打上調整池カードの配布を希望される方は、三重用水管理所ホームページにて配布方法をご確認ください。	岐阜県	岐阜県大垣市上石津町下山2011 	http://www.water.go.jp/honsya/honsya/damcard/area/utiagecyouseiti_card.html http://www.mirai.ne.jp/~ongaku/
191	打上調整池		三重用水管理所（菰野町）	9:00～17:00 （土・日・祝日含む） 休日は、菰野町にある三重用水管理所玄関のインターホンを押してください。 ※中里ダム・打上調整池カードの配布方法は三重用水管理所ホームページをご覧下さい。	岐阜県	三重県三重郡菰野町菰野7961-2	http://www.water.go.jp/chubu/mieyosui/
192	御母衣ダム	1	ＭＩＢＯＲＯダムサイドパーク	9：00～16：00 休館日：毎週水曜 （但しGW・夏休み・10月10日～11月10日は原則無休） 冬期休館期間：12月16日～3月14日	岐阜県	岐阜県大野郡白川村牧１４０－１	http://www.jpower.co.jp/damcard/miboro.html
193	阿多岐ダム	1	阿多岐ダム管理事務所	9:30～16:00 （土・日・祝日は除く）	岐阜県	岐阜県郡上市白鳥町中西1085-72	-
194	岩村ダム	1	岩村ダム管理事務所	9:30～15:30 （土・日・祝日は除く）	岐阜県	岐阜県恵那市岩村町富田字鈴ヶ根7-53	-
195	大ヶ洞ダム	1	大ヶ洞ダム管理事務所	平日　8:30～15:30 土・日祝日　8:30～17:15	岐阜県	岐阜県下呂市萩原町大ヶ洞大張1314-4	-
196	中野方ダム	1	中野方ダム管理事務所	9:30～15:30 （土・日・祝日は除く）	岐阜県	岐阜県恵那市中野方町4357-37	-
197	丹生川ダム	1	丹生川ダム管理事務所	9:30～16:00 （土・日・祝日は除く）	岐阜県	岐阜県高山市丹生川町折敷地カクシクレ3136	-
198	長島ダム	1.1	長島ダム管理所	8:30～17:15 （土・日・祝日を含む） 入り口の脇にあるインターホンを押して担当者をお呼びください	静岡県	静岡県榛原郡川根本町犬間541-3	http://www.cbr.mlit.go.jp/nagashima/
199	長島ダム		長島ダム防災施設ふれあい館	9:30～16:30 （木・年末年始は除く）	静岡県	静岡県榛原郡川根本町梅地3-34	http://www.cbr.mlit.go.jp/nagashima/public/index.html
200	太田川ダム	1	太田川ダム管理所	10:00～16:00 （土・日・祝日を含む）	静岡県	静岡県周智郡森町亀久保575-28	http://www.doboku.pref.shizuoka.jp/desaki/fukuroi/
201	奥野ダム	1	奥野ダム管理所	9:00～16:00 （土・日・祝日を含む）	静岡県	静岡県伊東市鎌田字横堀1296-205	http://www4.i-younet.ne.jp/~okuno-dm/
202	井川ダム	1	井川展示館	9:00～16:00 （休館日は除く） 休館日：月曜（祝日の場合は翌日、5･8･11月は無休）および12月～2月	静岡県	静岡県静岡市葵区井川字西山沢1956-1	http://www.chuden.co.jp/ikawa-pr/
203	青野大師ダム	1	道の駅 「下賀茂温泉　湯の花」 （南伊豆町観光協会）	9:０0～17:00（土・日・祝日を含む） 【ダムに来訪され、管理所前に設置したスタンプを押印された方及び訪れた際に撮影したダムの写真を提示していただいた方のみ配布】	静岡県	静岡県賀茂郡南伊豆町下賀茂１５７－１ 　南伊豆町観光協会	http://www.pref.shizuoka.jp/kensetsu/ke-810/aono.html
204	青野大師ダム		下田土木事務所	8:30～17:15（土・日・祝日は除く） 【ダムに来訪され、管理所前に設置したスタンプを押印された方及び訪れた際に撮影したダムの写真を提示していただいた方のみ配布】	静岡県	静岡県下田市中５３１－１ 　下田総合庁舎５階	
205	佐久間ダム	1	佐久間電力館	9:00～16:30 休館日：毎週月曜日（月曜日が祝祭日の場合は火曜日）、12/29～1/3 ※8月は毎日開館	静岡県	浜松市天竜区佐久間町佐久間2552-3	http://www.jpower.co.jp/damcard/sakuma.html
206	秋葉ダム	1			静岡県		http://www.jpower.co.jp/damcard/akiha.html
207	新豊根ダム	1	新豊根ダム操作室	8:30～17:15 （土・日・祝日を含む）	愛知県	愛知県北設楽郡豊根村古真立字月代1-3	http://www.cbr.mlit.go.jp/hamamatsu/index.html
208	矢作ダム	1.1	矢作ダム管理所	8:30～17:15 （土・日・祝日を含む）	愛知県	愛知県豊田市閑羅瀬町東畑６７番地	http://www.cbr.mlit.go.jp/yahagi/
209	羽布ダム	1	愛知県西三河農林水産事務所 用水管理課羽布ダム管理所	平成25年4月8日から配布開始 9:00～17:00 （土日祝祭日、年末年始（12月29日～1月3日）は除く）	愛知県	愛知県豊田市羽布町鬼の平１－９１	-
210	宇連ダム	1	水源管理所	8:30～17:00 （土・日・祝日を含む）水源管理所玄関のインターホンを押してください。	愛知県	愛知県新城市川合字大嶋26番地	http://www.water.go.jp/honsya/honsya/damcard/area/ure_card.html
211	大島ダム	1	水源管理所 ※大島ダムは無人のため、宇連ダムの水源管理所にてお渡しいたします。	8:30～17:00 （土・日・祝日を含む）水源管理所玄関のインターホンを押してください。	愛知県	愛知県新城市川合字大嶋26番地	http://www.water.go.jp/honsya/honsya/damcard/area/oosima_card.html
212	大野頭首工	1	大野管理所	8:30～17:00 （土・日・祝日を含む）大野管理所玄関のインターホンを押してください。	愛知県	愛知県新城市大野字ハナシ48番地	http://www.water.go.jp/honsya/honsya/damcard/area/oonotousyukou_card.html
213	東郷調整池	1	愛知用水総合管理所	9:30～16:30 （土・日・祝日を含む）	愛知県	愛知県愛知郡東郷町大字諸輪字片平山25-25	http://www.water.go.jp/chubu/aityosui/
214	蓮ダム	1.2	蓮ダム管理所	8:30～17:15 （土・日・祝日を含む）管理所玄関のインターホンを押してください。	三重県	三重県松阪市飯高町森１８１０－１１	http://www.cbr.mlit.go.jp/hachisu/index.html
215	青蓮寺ダム	1.1	青蓮寺ダム管理所	8:45～17:15 （土・日・祝日を含む）	三重県	三重県名張市中知山１－１６６	http://www.water.go.jp/kansai/kizugawa/index.html
216	比奈知ダム	1.1	比奈知ダム管理所	8:45～17:15 （土・日・祝日を含む）	三重県	三重県名張市上比奈知字熊走り１７０６	http://www.water.go.jp/kansai/kizugawa/index.html
217	君ヶ野ダム	1	君ヶ野ダム管理室	8:30～17:15 （土・日・祝日を含む）	三重県	三重県津市美杉町八手俣９５－１	http://www.pref.mie.jp/TKENSET/HP/dam/
218	宮川ダム	1	宮川ダム管理室	8:30～17:15 (休日は管理室確認）	三重県	三重県多気郡大台町久豆５０６	http://www.pref.mie.lg.jp/MKENSET/HP/dam/
219	中里ダム	1	日本昭和音楽村管理事務所	9:00～17:00 （休館日は除く　休館日：水曜、祝日、年末年始） ※休館日は念のため日本昭和音楽村ホームページにてご確認ください。 ※日本昭和音楽村にて中里ダム・打上調整池カードの配布を希望される方は、三重用水管理所ホームページにて配布方法をご確認ください。	三重県	岐阜県大垣市上石津町下山2011	http://www.water.go.jp/honsya/honsya/damcard/area/nakazato_card.html http://www.mirai.ne.jp/~ongaku/
220	中里ダム		三重用水管理所（菰野町）	9:00～17:00 （土・日・祝日含む） 休日は、菰野町にある三重用水管理所玄関のインターホンを押してください。 ※中里ダム・打上調整池カードの配布方法は三重用水管理所ホームページをご覧下さい。	三重県	三重県三重郡菰野町菰野7961-2	http://www.water.go.jp/chubu/mieyosui/
221	菰野調整池	1	三重用水管理所（菰野町）	9:00～17:00 （土・日・祝日含む） 休日は、菰野町にある三重用水管理所玄関のインターホンを押してください。 ※中里ダム・打上調整池カードの配布方法は三重用水管理所ホームページをご覧下さい。	三重県	三重県三重郡菰野町菰野7961-2	http://www.water.go.jp/chubu/mieyosui/
222	滝川ダム	1	三重県伊賀建設事務所 総務・管理室　管理課	8:30～17:15 （土・日・祝日および年末年始を除く）	三重県	三重県伊賀市四十九町２８０２	http://www.pref.mie.lg.jp/GKENSET/HP/
223	長良川河口堰	1	長良川河口堰管理所	9:00～17:00 （土・日・祝日及び年末年始(12/29～1/3)は除く）	三重県	三重県桑名市長島町十日外面136	http://www.water.go.jp/chubu/nagara/
224	長良川河口堰		アクアプラザながら	10:00～16:00 （月曜日・年末年始(12/29～1/3)は除く）	三重県	三重県桑名市長島町十日外面139	
225	七色ダム	1	北山川電力所	9:30～17:30 （土、日、祝祭日、年末年始（12月29日～1月3日）、5月1日は除く）	三重県	奈良県吉野郡下北山村大字下池原７５１	http://www.jpower.co.jp/damcard/nanairo.html
226	伊坂ダム	1	伊坂ダムサイクルパーク管理事務所	9:３0～1６:３0 （金曜日および年末年始を除く）	三重県	三重県四日市市伊坂町１５７－２	http://www.pref.mie.lg.jp/D1KIGYO/kousui/index.htm
227	山村ダム	1			三重県		
228	石田川ダム	1	石田川ダム管理事務所	9：00～17：00（対応できない曜日・時間帯等があるため、詳細はHPを見てください）	滋賀県	滋賀県高島市今津町角川529	http://www.pref.shiga.lg.jp/h/kasen/shiga_damcard.html
229	青土ダム	1.1	青土ダム管理事務所	9：00～17：00（対応できない曜日・時間帯等があるため、詳細はHPを見てください）	滋賀県	滋賀県甲賀市土山町青土151-4	http://www.pref.shiga.lg.jp/h/kasen/shiga_damcard.html
230	青土ダム		青土ダムエコーバレイ管理棟 (ブルーシャトー)	9：00～17：00（年末年始を除く）	滋賀県	滋賀県甲賀市土山町青土101-7	http://www.pref.shiga.lg.jp/h/kasen/shiga_damcard.html
231	日野川ダム	1	日野川ダム管理事務所	9：00～17：00（対応できない曜日・時間帯等があるため、詳細はHPを見てください）	滋賀県	滋賀県蒲生郡日野町村井2022-8	http://www.pref.shiga.lg.jp/h/kasen/shiga_damcard.html
232	宇曽川ダム	1	宇曽川ダム管理事務所	9：00～17：00（対応できない曜日・時間帯等があるため、詳細はHPを見てください）	滋賀県	滋賀県東近江市平柳町１－６	http://www.pref.shiga.lg.jp/h/kasen/shiga_damcard.html
233	姉川ダム	1	姉川ダム管理事務所	9：00～17：00（対応できない曜日・時間帯等があるため、詳細はHPを見てください）	滋賀県	滋賀県米原市曲谷869	http://www.pref.shiga.lg.jp/h/kasen/shiga_damcard.html
234	天ヶ瀬ダム	2	①天ヶ瀬ダム管理支所 ②天ヶ瀬ダム敷地内案内所	①８:30～17:15　　　　　　　　　　　　　　　　　（土・日・祝日を含まず）　　 ②8:00～17:00 （土・日・祝日を含む）	京都府 	京都府宇治市宇治金井戸１５	http://www.kkr.mlit.go.jp/yodoto/
235	日吉ダム	2	①日吉ダム管理所 ②インフォギャラリー	①9:00～17:00（土・日・祝日を含む） 　休日は管理所玄関横のインターホンを押してください。 ②10:00～16:00（水曜および年末年始（12/29～1/3）は除く） 　見学者用エレベータ前の係員にお尋ねください。 　係員が巡視中の場合は、日吉ダム管理所にお越しください。	京都府 	京都府南丹市日吉町中神子ヶ谷６８	http://www.water.go.jp/kansai/hiyoshi/index.html
236	高山ダム	1.1	高山ダム管理所	8:45～17:15 （土・日・祝日を含む）	京都府 	京都府相楽郡南山城村田山字ツルギ４３	http://www.water.go.jp/kansai/kizugawa/index.html
237	大野ダム	1	大野ダム総合管理事務所	9:３0～16:30（土・日・祝日を含む）　　　　　　　　　　　　休日は事務所玄関のインターホンを押してください。	京都府 	京都府南丹市美山町樫原中ノ山48-5	http://www.pref.kyoto.jp/dam/1172480757286.html
238	畑川ダム	1			京都府 		http://www.pref.kyoto.jp/dam/1172551043027.html
239	箕面川ダム	1	大阪府池田土木事務所（河川砂防グループ）	９：００～１７：４５ （土・日・祝日は除く）	大阪府	大阪府池田市城南１－１－１	http://www.pref.osaka.jp/ikedo/index.html
240	箕面川ダム		大阪府営箕面公園昆虫館	１０：００～１７：００ （入館は１６：３０まで。火曜日休館）	大阪府	大阪府箕面市箕面公園１－１８	http://www.osaka-park.or.jp/hokubu/mino/main.html
241	狭山池ダム	1	大阪府富田林土木事務所（河川砂防グループ）	9:00～17:45 （土・日・祝日は除く）	大阪府	大阪府富田林市寿町二丁目六番一号	http://search.pref.osaka.jp/tondo/index.html
242	狭山池ダム		大阪府立狭山池博物館	10:00～17:00 （休館日＝月曜日・月曜休日の場合翌日　を除く）	大阪府	大阪府大阪狭山市池尻中2丁目	http://www.sayamaikehaku.osakasayama.osaka.jp/
243	滝畑ダム	1	①大阪府南河内農と緑の総合事務所滝畑ダム分室 ②滝畑レイクパーク	①10:00～12:15、13:00～16:00 （土・日・祝日は除く） ②10：00～16：00 （土・日・祝日のみ）	大阪府	①大阪府河内長野市滝畑２４０－２ ②大阪府河内長野市滝畑２２９４－１	①　 http://www.pref.osaka.jp/minamikawachinm/m_index/k_takihatadam.html ②http://www.city.kawachinagano.lg.jp/kakuka/syougaigakusyuu/furusato/gyoumu/shukuhaku/annai/kinrinzu/reiku.html
244	一庫ダム	1.1	一庫ダム管理所	9:00～17:00（平日） 10:00～16:00（土・日・祝日）	兵庫県	兵庫県川西市一庫字唐松４－１	http://www.water.go.jp/kansai/hitokura/index.htm
245	加古川大堰	1	姫路河川国道事務所加古川分室	9:00～1６:00 （土・日・祝日は除く）	兵庫県	兵庫県加古川市八幡町中西条875-1 	http://www.kkr.mlit.go.jp/himeji/outline/river/project/h17_project05.html
246	石井ダム	1	石井ダム管理所	9:00～1７:00 （土・日・祝祭日・年末年始は除く）	兵庫県	兵庫県神戸市北区山田町下谷上字中一里山11-85	http://web.pref.hyogo.lg.jp/wd16/wd16_000000067.html
247	青野ダム	1	青野ダム管理所	9:00～1７:00 （土・日・祝祭日・年末年始は除く）	兵庫県	兵庫県三田市加茂上平山1221	http://web.pref.hyogo.lg.jp/wd16/wd16_000000067.html
248	生野ダム	1	生野ダム管理所	9:00～1７:00 （土・日・祝祭日・年末年始は除く）	兵庫県	兵庫県朝来市生野町竹原野34-10	http://web.pref.hyogo.lg.jp/wd16/wd16_000000067.html
249	菅生ダム	1	菅生ダム管理所	9:00～1７:00 （土・日・祝祭日・年末年始は除く）	兵庫県	兵庫県姫路市夢前町莇野2130-12	http://web.pref.hyogo.lg.jp/wd16/wd16_000000067.html
250	安富ダム	1	安富ダム管理所	9:00～1７:00 （土・日・祝祭日・年末年始は除く）	兵庫県	兵庫県姫路市安富町皆河549-30	http://web.pref.hyogo.lg.jp/wd16/wd16_000000067.html
251	安室ダム	1	光都土木事務所ダム課	9:00～1７:00 （土・日・祝祭日・年末年始は除く）	兵庫県	兵庫県赤穂郡上郡町光都2-25	http://web.pref.hyogo.lg.jp/wd16/wd16_000000067.html
252	引原ダム	1	引原ダム管理所	9:00～1７:00 （土・日・祝祭日・年末年始は除く）	兵庫県	兵庫県宍粟市波賀町日ノ原176-11	http://web.pref.hyogo.lg.jp/wd16/wd16_000000067.html
253	大路ダム	1	大路ダム管理所	9:00～1７:00 （土・日・祝祭日・年末年始は除く）	兵庫県	兵庫県朝来市和田山町久世田222-7	http://web.pref.hyogo.lg.jp/wd16/wd16_000000067.html
254	三宝ダム	1	丹波土木事務所 河川課	9:00～1７:00 （土・日・祝祭日・年末年始は除く）	兵庫県	兵庫県丹波市柏原町柏原688	http://web.pref.hyogo.lg.jp/wd16/wd16_000000067.html
255	三宝ダム		丹波市役所 建設部管理課	9:00～1７:00 （土・日・祝祭日・年末年始は除く）	兵庫県	兵庫県丹波市春日町黒井811	http://web.pref.hyogo.lg.jp/wd16/wd16_000000067.html
256	みくまりダム	1	丹波土木事務所 河川課	9:00～1７:00 （土・日・祝祭日・年末年始は除く）	兵庫県	兵庫県丹波市柏原町柏原688	http://web.pref.hyogo.lg.jp/wd16/wd16_000000067.html
257	みくまりダム		篠山市役所 まちづくり部地域整備課	9:00～1７:00 （土・日・祝祭日・年末年始は除く）	兵庫県	兵庫県篠山市北新町41	http://web.pref.hyogo.lg.jp/wd16/wd16_000000067.html
258	諭鶴羽ダム	1	三原川水系ダム統合管理所 （大日ダム管理所）	9:00～1７:00 （土・日・祝祭日・年末年始は除く）	兵庫県	兵庫県南あわじ市賀集生子162-2	http://web.pref.hyogo.lg.jp/wd16/wd16_000000067.html
259	大日ダム	1			兵庫県		
260	牛内ダム	1			兵庫県		
261	成相ダム	1			兵庫県		
262	北富士ダム	1			兵庫県		
263	猿谷ダム	1	猿谷ダム管理支所	9:00～17:00（土・日・祝日を含む） 休日は猿谷ダム管理支所玄関のインターホンを押して下さい。	奈良県	奈良県五條市大塔町辻堂１－３	http://www.kkr.mlit.go.jp/kinokawa/
264	室生ダム	1.1	室生ダム管理所	8:45～17:15 （土・日・祝日を含む）	奈良県	奈良県宇陀市室生大野３８４６	http://www.water.go.jp/kansai/kizugawa/index.html
265	布目ダム	1.1	布目ダム管理所	8:45～17:15 （土・日・祝日を含む）	奈良県	奈良県奈良市北野山町８６９－２	http://www.water.go.jp/kansai/kizugawa/index.html
266	風屋ダム	1	十津川電力所 （十津川第一発電所）	9:00～17:30 （土、日、祝祭日、年末年始（12/29-1/3）、5月1日は除く）	奈良県	奈良県吉野郡十津川村小原５－３	http://www.jpower.co.jp/damcard/kazeya.html
267	風屋ダム		十津川電力所 （十津川第二発電所）	9:00～17:30 （土、日、祝祭日、年末年始（12/29-1/3）、5月1日は除く）	奈良県	和歌山県新宮市熊野川町相須485	http://www.jpower.co.jp/damcard/futatsuno.html
268	池原ダム	1	北山川電力所	9:30～17:30 （土、日、祝祭日、年末年始（12月29日～1月3日）は除く）	奈良県	奈良県吉野郡下北山村大字下池原７５１	
269	二津野ダム	1	十津川電力所 （十津川第一発電所）	9:00～17:30 （土、日、祝祭日、年末年始（12/29-1/3）、5月1日は除く）	奈良県	奈良県吉野郡十津川村小原５－３	http://www.jpower.co.jp/damcard/kazeya.html
270	二津野ダム		十津川電力所（第二発電所）	9:00～17:30 （土、日、祝祭日、年末年始（12/29-1/3）、5月1日は除く）	奈良県	和歌山県新宮市熊野川町相須４８５	http://www.jpower.co.jp/damcard/futatsuno.html
271	天理ダム	1	奈良土木事務所　工務課　 天理ダム管理係	8:30～17:00（土、日、祝日含む） 休日は天理ダム管理センター玄関のイン ターホンを押して下さい。	奈良県	奈良県天理市長滝町１４－７	http://www.pref.nara.jp/dd_aspx_menuid-15083.htm
272	白川ダム	1	奈良土木事務所　工務課　 白川ダム管理係	8:30～17:00（土、日、祝日含む） 休日は白川ダム管理センター玄関のイン ターホンを押して下さい。	奈良県	奈良県天理市和爾町８７５－１	http://www.pref.nara.jp/dd_aspx_menuid-15084.htm
273	岩井川ダム	1	奈良土木事務所　工務課 天理ダム管理係	8:30～17:00（土、日、祝日含む） 平日は、奈良土木事務所管理課河川管理係 で配布しています。 休日は天理ダム管理センター玄関のイン ターホンを押して下さい。	奈良県	奈良県奈良市南紀寺町2-251（平日） 奈良県天理市長滝町１４－７（土、日、祝日）	http://www.pref.nara.jp/dd_aspx_menuid-21725.htm
274	初瀬ダム	1	桜井土木事務所　工務課 初瀬ダム管理係	8:30～17:00（土、日、祝日含む） 休日は初瀬ダム管理センター玄関のイン ターホンを押して下さい。	奈良県	奈良県桜井市初瀬３６３－２	http://www.pref.nara.jp/dd_aspx_menuid-12718.htm
275	大門ダム	1	奈良県郡山土木事務所 工務課　施設保全係	8:30～17:00 （土、日、祝祭日は除く）	奈良県	奈良県大和郡山市満願寺町60-1	http://www.pref.nara.jp/dd.aspx?menuid=12211
276	大門ダム		信貴山観光ｉセンター	10:00～17:00 定休日無し	奈良県	奈良県生駒郡平群町信貴山2280-1	http://www.shigisan.org/
277	坂本ダム	1	北山川電力所 尾鷲駐在事務所	9:30～17:00 （土日祝祭日、年末年始（12月29日～1月3日）は除く）	奈良県	尾鷲市古戸町6-26	http://www.jpower.co.jp/damcard/sakamoto.html
278	紀の川大堰	1	紀の川大堰管理所	9:30～16:00 （土・祝日は除く）	和歌山県	和歌山県和歌山市有本４６２	http://www.kkr.mlit.go.jp/wakayama/
279	二川ダム	1	二川ダム管理事務所	9:00～17:45 （土、日、祝祭日を含む）	和歌山県	和歌山県有田郡有田川町二川５１８－２ （TEL　0737-23-0251）	http://www.pref.wakayama.lg.jp/prefg/130400/kensetsu/futagawadam/index.html
280	広川ダム	1	有田振興局建設部広川出張所	9:00～17:45（土、日、祝祭日を含む） 休日は広川出張所２階事務所入口のインターホンを押して下さい。	和歌山県	和歌山県有田郡広川町下津木１６１９－６ （TEL　0737-67-2104）	http://www.pref.wakayama.lg.jp/prefg/130400/kensetsu/hirogawadam/index.html
281	椿山ダム	1	椿山ダム管理事務所	9:00～17:45 （土、日、祝祭日を含む）	和歌山県	和歌山県日高郡日高川町初湯川１８７４ （TEL　0738-57-0400）	－
282	七川ダム	1	七川ダム管理事務所	9:00～17:45 （土、日、祝祭日を含む）	和歌山県	和歌山県東牟婁郡古座川町佐田１０１６ （ＴＥＬ　0735-76-0009）	－
283	菅沢ダム	1	菅沢ダム管理支所	9:00～17:00 （土・日・祝日を含む）	鳥取県	鳥取県日野郡日南町菅沢字川西山１１２－１０	http://www.cgr.mlit.go.jp/hinogawa/sugesawa/index.html
284	殿ダム	1.1	殿ダム管理支所	８:３0～17:１５ （土・日・祝日を含む）	鳥取県	鳥取県鳥取市国府町殿206-4	http://www.cgr.mlit.go.jp/tottori/tono/index.html
285	志津見ダム	1	志津見ダム管理支所	9:00～17:00 （土・日・祝日を含む）	島根県	島根県飯石郡飯南町角井1891-20	http://www.cgr.mlit.go.jp/izumokasen/
286	尾原ダム	1	尾原ダム管理支所	9:00～17:00 （土・日・祝日を含む）	島根県	島根県雲南市木次町平田２１１－５	http://www.cgr.mlit.go.jp/izumokasen/
287	布部ダム	1	布部ダム管理所	9:00～17:00 （土・日・祝日を含む）	島根県	島根県安来市広瀬町布部2845-18	http://www.pref.shimane.lg.jp/kasen/dam/damcard/damcard.html
288	山佐ダム	1	山佐ダム管理所	9:00～17:00 （土・日・祝日を含む）	島根県	島根県安来市広瀬町上山佐3036-11	http://www.pref.shimane.lg.jp/kasen/dam/damcard/damcard.html
289	三瓶ダム	1	三瓶ダム管理所	9:00～17:00 （土・日・祝日を含む）	島根県	島根県大田市三瓶町野城イ849-24	http://www.pref.shimane.lg.jp/kasen/dam/damcard/damcard.html
290	八戸ダム	1	八戸ダム管理所	9:00～17:00 （土・日・祝日を含む）	島根県	島根県江津市桜江町八戸1661-55	http://www.pref.shimane.lg.jp/kasen/dam/damcard/damcard.html
291	浜田ダム	1	浜田ダム管理所	9:00～17:00 （土・日・祝日を含む）	島根県	島根県浜田市河内町3222-4	http://www.pref.shimane.lg.jp/kasen/dam/damcard/damcard.html
292	大長見ダム	1	大長見ダム管理所	9:00～17:00 （土・日・祝日を含む）	島根県	島根県浜田市長見町934-14	http://www.pref.shimane.lg.jp/kasen/dam/damcard/damcard.html
293	御部ダム	1	御部ダム管理所	9:00～17:00 （土・日・祝日を含む）	島根県	島根県浜田市三隅町黒沢2368-6	http://www.pref.shimane.lg.jp/kasen/dam/damcard/damcard.html
294	益田川ダム	1	益田川ダム管理所	9:00～17:00 （土・日・祝日を含む）	島根県	島根県益田市久々茂町イ1352-1	http://www.pref.shimane.lg.jp/kasen/dam/damcard/damcard.html
295	銚子ダム	1	銚子ダム管理所	9:00～17:00 （土・日・祝日を含む）	島根県	島根県隠岐郡隠岐の島町原田一ツ木985-8	http://www.pref.shimane.lg.jp/kasen/dam/damcard/damcard.html
296	苫田ダム	1	苫田ダム管理所	9:00～17:00 （土・日・祝日を含む）	岡山県	岡山県苫田郡鏡野町久田下原１５９２－４	http://www.cgr.mlit.go.jp/tomata/
297	旭川ダム	1	旭川ダム統合管理事務所	9:00～17:00 （土・日・祝日を含む）	岡山県	岡山県岡山市北区建部町鶴田９３１	http://www.pref.okayama.jp/page/detail-5036.html
298	鳴滝ダム	1	旭川ダム統合管理事務所	9:00～17:00 （土・日・祝日を含む） ※配布には、ダムへ行った証明（写真等）が必要となります	岡山県	岡山県岡山市北区建部町鶴田９３１	http://www.pref.okayama.jp/page/detail-5036.html
299	竹谷ダム	1	旭川ダム統合管理事務所	9:00～17:00 （土・日・祝日を含む） ※配布には、ダムへ行った証明（写真等）が必要となります	岡山県	岡山県岡山市北区建部町鶴田９３１	http://www.pref.okayama.jp/page/detail-5036.html
300	河平ダム	1	旭川ダム統合管理事務所	9:00～17:00 （土・日・祝日を含む） ※配布には、ダムへ行った証明（写真等）が必要となります	岡山県	岡山県岡山市北区建部町鶴田９３１	http://www.pref.okayama.jp/page/detail-5036.html
301	湯原ダム	1	湯原ダム管理事務所	9:00～17:00 （土・日・祝日を含む）	岡山県	岡山県真庭市湯原温泉３番地	http://www.pref.okayama.jp/page/detail-5036.html
302	河本ダム	1	河本ダム管理事務所	9:00～17:00 （土・日・祝日を含む）	岡山県	岡山県新見市金谷１２６－２	http://www.pref.okayama.jp/page/detail-5036.html
303	高瀬川ダム	1	高梁川ダム統合管理事務所 (備中県民局 新見地域事務所内)	9:00～17:00 （土・日・祝日および年末年始を除く） ※配布には、ダムへ行った証明（写真等）が必要となります	岡山県	岡山県新見市高尾２４００	http://www.pref.okayama.jp/page/detail-5036.html
304	高瀬川ダム		千屋ダム管理事務所	9:00～17:00 （土・日・祝日を含む） ※配布には、ダムへ行った証明（写真等）が必要となります	岡山県	岡山県新見市菅生７９４３－８	http://www.pref.okayama.jp/page/detail-5036.html
305	千屋ダム	1	千屋ダム管理事務所	9:00～17:00 （土・日・祝日を含む）	岡山県	岡山県新見市菅生７９４３－８	http://www.pref.okayama.jp/page/detail-5036.html
306	三室川ダム	1	高梁川ダム統合管理事務所 (備中県民局 新見地域事務所内)	9:00～17:00 （土・日・祝日および年末年始を除く） ※配布には、ダムへ行った証明（写真等）が必要となります	岡山県	岡山県新見市高尾２４００	http://www.pref.okayama.jp/page/detail-5036.html
307	三室川ダム		河本ダム管理事務所	9:00～17:00 （土・日・祝日を含む） ※配布には、ダムへ行った証明（写真等）が必要となります	岡山県	岡山県新見市金谷１２６－２	http://www.pref.okayama.jp/page/detail-5036.html
308	楢井ダム	1	楢井ダム管理事務所 (備中県民局 高梁地域事務所内)	9:00～17:00 （土・日・祝日および年末年始を除く） ※配布には、ダムへ行った証明（写真等）が必要となります	岡山県	岡山県高梁市落合町近似２８６－１	http://www.pref.okayama.jp/page/detail-5036.html
309	八塔寺川ダム	1	八塔寺川ダム管理事務所	9:00～17:00 （土・日・祝日を含む）	岡山県	岡山県備前市吉永町高田３６１－２	http://www.pref.okayama.jp/page/detail-5036.html
310	津川ダム	1	津川ダム管理事務所	9:00～17:00 （土・日・祝日を含む）	岡山県	岡山県津山市加茂町下津川９９８－８	http://www.pref.okayama.jp/page/detail-5036.html
311	黒木ダム	1	黒木ダム管理事務所	9:00～17:00 （土・日・祝日を含む）	岡山県	岡山県津山市加茂町黒木６２６－１０	http://www.pref.okayama.jp/soshiki/231/
312	小阪部川ダム	1	小阪部川ダム管理事務所	9:00～17:00 （土・日・祝日および年末年始を除く）	岡山県	岡山県新見市上熊谷６９６１	http://www17.ocn.ne.jp/~taka-lid/
313	小阪部川ダム		河本ダム管理事務所	9:00～17:00 （土・日・祝日を含む） ※配布には、ダムへ行った証明（写真等）が必要となります	岡山県	岡山県新見市金谷１２６－２	http://www.pref.okayama.jp/page/detail-5036.html
314	八田原ダム	1	八田原ダム管理所	9:00～16:00 （土・日・祝日を含む）	広島県	広島県世羅郡世羅町大字小谷字苦谷山１１００－１	http://www.cgr.mlit.go.jp/hattabara/hattabara_page_00.htm
315	温井ダム	1	温井ダム管理所 	9:00～16:30 （土・日・祝日を含む） 休日は管理所玄関のインターホンを押してください。	広島県	広島県山県郡安芸太田町大字加計１９５６－２	http://www.cgr.mlit.go.jp/nukui/index.htm
316	灰塚ダム	1	灰塚ダム管理支所 	9:00～16:00 （土・日・祝日を含む）	広島県	広島県三次市三良坂町仁賀１５７５	http://www.cgr.mlit.go.jp/miyoshi/haizuka/
317	土師ダム	2	土師ダム管理所	9:00～17:00 （土・日・祝日を含む）	広島県	広島県安芸高田市八千代町土師３６９－２４	http://www.cgr.mlit.go.jp/haji/
318	土師ダム		土師ダムサイクリングターミナル	9:00～17:00 （不定休）	広島県	広島県安芸高田市八千代町土師１１９４－１	http://www.yachiyoko.com/
319	魚切ダム	1	魚切ダム管理事務所	8:30～17:15（土･日･祝日を含む）	広島県	広島県広島市佐伯区五日市町上河内998-7	http://www.pref.hiroshima.lg.jp/soshiki/99/1171421760967.html
320	椋梨ダム	1	椋梨ダム管理事務所	8:30～17:15（土･日･祝日を含む）	広島県	広島県東広島市河内町小田渡原4096	http://www.pref.hiroshima.lg.jp/soshiki/99/1171421166565.html
321	福富ダム	1	福富ダム管理事務所	8:30～17:15（土･日･祝日を含む）	広島県	広島県東広島市福富町久芳1-1	http://www.pref.hiroshima.lg.jp/soshiki/99/1171432918817.html
322	弥栄ダム	1.2	弥栄ダム管理所	８:３0～1７:１５（平日） 9:00～16:30（土・日・祝日） 休日は管理所玄関のインターホンを押してください。	広島県 	広島県大竹市小方町小方８１３－１	http://www.cgr.mlit.go.jp/yasaka/index.htm
323	小瀬川ダム	3	小瀬川ダム管理事務所	9:00～17:00 （土・日・祝日を含む）	広島県 	広島県廿日市市浅原1030-27	http://www.pref.yamaguchi.lg.jp/cms/a18600/dam/damcard.html
324	島地川ダム	1.1	島地川ダム管理支所	9:00～17:00 （土・日・祝日を含む） 平日・休日共に管理所玄関のインターホンを押してください。	山口県	山口県周南市大字高瀬２５７番地	http://www.cgr.mlit.go.jp/yamaguchi/
325	湯の原ダム	1	山口県企業局西部利水事務所	9:00～17:00 （土・日・祝日は除く）	山口県	山口県下関市菊川町西中山３８４－１	http://www.pref.yamaguchi.lg.jp/cms/a40100/index/
326	菅野ダム	1	山口県菅野ダム管理事務所	9:00～17:00 （土・日・祝日を含む）	山口県	山口県周南市大字中須北字川平194-3	http://www.pref.yamaguchi.lg.jp/cms/a18600/dam/damcard.html
327	向道ダム	1	山口県向道ダム管理事務所	9:00～17:00 （土・日・祝日を含む）	山口県	山口県周南市大字大道理260-7	http://www.pref.yamaguchi.lg.jp/cms/a18600/dam/damcard.html
328	川上ダム	1	山口県川上ダム管理事務所	9:00～17:00 （土・日・祝日を含む）	山口県	山口県周南市大字川上猿岩13-1	http://www.pref.yamaguchi.lg.jp/cms/a18600/dam/damcard.html
329	佐波川ダム	1	山口県佐波川ダム管理事務所	9:00～17:00 （土・日・祝日を含む）	山口県	山口県山口市徳地野谷字掛の平620番地	http://www.pref.yamaguchi.lg.jp/cms/a18600/dam/damcard.html
330	木屋川ダム	1	山口県木屋川ダム管理事務所	9:00～17:00 （土・日・祝日を含む）	山口県	山口県下関市豊田町大字大河内字切石	http://www.pref.yamaguchi.lg.jp/cms/a18600/dam/damcard.html
331	阿武川ダム	1	山口県阿武川ダム管理事務所	9:00～17:00 （土・日・祝日を含む）	山口県	山口県萩市川上なんかけ2343-1	http://www.pref.yamaguchi.lg.jp/cms/a18600/dam/damcard.html
332	黒杭川ダム	1	山口県黒杭川ダム管理所	9:00～17:00 （土・日・祝日を含む）	山口県	山口県柳井市柳井森ヶ迫1031-4 	http://www.pref.yamaguchi.lg.jp/cms/a18600/dam/damcard.html
334	長安口ダム	1	長安口ダム管理所	8:30～17:15 （土・日・祝日含む）	徳島県	徳島県那賀郡那賀町長安向イ22-1	http://www.skr.mlit.go.jp/nakagawa/
335	池田ダム	1	池田総合管理所	8:30～17:00 （土・日・祝日含む） 休日は管理所玄関のインターホンを押してください。	徳島県	徳島県三好市池田町西山谷尻４２３５－１池田総合管理所３Ｆ総務課	http://www.ikesou.jp
336	正木ダム	1	正木ダム管理所	9:00～17:00 （年末年始は除く）	徳島県	徳島県勝浦郡上勝町正木藤ノ内１８−２	http://www.pref.tokushima.jp/docs/2009102300030/
337	宮川内ダム	1	宮川内ダム管理所	9:00～17:00 （年末年始は除く）	徳島県	徳島県阿波市土成町宮川内字平間５８	http://www.pref.tokushima.jp/docs/2009102300030/
338	福井ダム	1	福井ダム管理所	9:00～16:00 （年末年始は除く） ダム周辺巡視等のため不在の場合があります。	徳島県	徳島県阿南市福井町鉦打９５−２１	http://www.pref.tokushima.jp/docs/2009102300030/
339	今切川河口堰	1	旧吉野川河口堰管理所	9:00～16:30（土・日・祝日含む） 休日は、1階玄関のインターホンにて「ダムカード配布希望」の旨をお伝え下さい。	徳島県	徳島県徳島市川内町榎瀬841	http://www.water.go.jp/yoshino/qyoshino/index.html
340	旧吉野川河口堰	1	旧吉野川河口堰管理所	9:00～16:30（土・日・祝日含む） 休日は、1階玄関のインターホンにて「ダムカード配布希望」の旨をお伝え下さい。	徳島県	徳島県徳島市川内町榎瀬841	http://www.water.go.jp/yoshino/qyoshino/index.html
341	香川用水調整池	1	香川用水管理所（琴平町）	9:00～17:00（土・日・祝日含む） 休日は、琴平町にある香川用水管理所玄関のインターホンを押してください。 ※香川用水調整池ダムカードの配布方法はホームページをご覧下さい。	香川県	香川県仲多度郡琴平町榎井８９１－２	http://www.water.go.jp/yoshino/kagawa/joho/pdf/H23/2011.12.12damu.pdf
342	千足ダム	1	千足ダム管理事務所	9:00～17:00 （土・日・祝日含む） 休日は管理所玄関のインターホンを押してください。	香川県	東かがわ市川股字千足989	www.pref.kagawa.lg.jp/kasensabo/dam/kanri/
343	五名ダム	1	五名ダム管理事務所	9:00～17:00 （土・日・祝日含む） 休日は管理所玄関のインターホンを押してください。	香川県	東かがわ市五名223-9	www.pref.kagawa.lg.jp/kasensabo/dam/kanri/
344	大内ダム	1	大内ダム管理事務所	9:00～17:00 （土・日・祝日含む） 休日は管理所玄関のインターホンを押してください。	香川県	東かがわ市水主2046　	www.pref.kagawa.lg.jp/kasensabo/dam/kanri/
345	大川ダム	1	大川ダム管理事務所	9:00～17:00 （土・日・祝日含む） 休日は管理所玄関のインターホンを押してください。	香川県	さぬき市大川町田面2940-1　	www.pref.kagawa.lg.jp/kasensabo/dam/kanri/
346	門入ダム	1	門入ダム管理事務所	9:00～17:00 （土・日・祝日含む） 休日は管理所玄関のインターホンを押してください。	香川県	さぬき市寒川町石田東甲2563-7	www.pref.kagawa.lg.jp/kasensabo/dam/kanri/
347	前山ダム	1	前山ダム管理事務所	9:00～17:00 （土・日・祝日含む） 休日は管理所玄関のインターホンを押してください。	香川県	さぬき市前山957-6	www.pref.kagawa.lg.jp/kasensabo/dam/kanri/
348	内場ダム	1	内場ダム管理事務所	9:00～17:00 （土・日・祝日含む） 休日は管理所玄関のインターホンを押してください。	香川県	高松市塩江町上西字内場乙1339　	www.pref.kagawa.lg.jp/kasensabo/dam/kanri/
349	殿川ダム	1	殿川ダム管理事務所	9:00～17:00 （土・日・祝日含む） 休日は管理所玄関のインターホンを押してください。	香川県	小豆郡小豆島町中山字向條166-3	www.pref.kagawa.lg.jp/kasensabo/dam/kanri/
350	粟地ダム	1	粟地ダム管理事務所	9:00～17:00 （土・日・祝日含む） 休日は管理所玄関のインターホンを押してください。	香川県	小豆郡小豆島町安田字粟地甲1771-1	www.pref.kagawa.lg.jp/kasensabo/dam/kanri/
351	吉田ダム	1	吉田ダム管理事務所	9:00～17:00 （土・日・祝日含む） 休日は管理所玄関のインターホンを押してください。	香川県	小豆郡小豆島町吉田字川向乙92-3	www.pref.kagawa.lg.jp/kasensabo/dam/kanri/
352	長柄ダム	1	長柄ダム管理事務所	9:00～17:00 （土・日・祝日含む） 休日は管理所玄関のインターホンを押してください。	香川県	綾歌郡綾川町東分乙591-4	www.pref.kagawa.lg.jp/kasensabo/dam/kanri/
353	田万ダム	1	田万ダム管理事務所	9:00～17:00 （土・日・祝日含む） 休日は管理所玄関のインターホンを押してください。	香川県	綾歌郡綾川町枌所東字桜谷1554-34　	www.pref.kagawa.lg.jp/kasensabo/dam/kanri/
354	五郷ダム	1	五郷ダム管理事務所	9:00～17:00 （土・日・祝日含む） 休日は管理所玄関のインターホンを押してください。	香川県	観音寺市大野原町有木53　	www.pref.kagawa.lg.jp/kasensabo/dam/kanri/
355	粟井ダム	1	粟井ダム管理事務所	9:00～17:00 （土・日・祝日含む） 休日は管理所玄関のインターホンを押してください。	香川県	 観音寺市粟井町坂瀬4658-8	www.pref.kagawa.lg.jp/kasensabo/dam/kanri/
356	野村ダム	1	野村ダム管理所	9:00～17:00 （土・日・祝日を含む） 休日は管理所入り口のインターホンを押してください。	愛媛県	愛媛県西予市野村町野村8-153-1	http://www.skr.mlit.go.jp/nomura/
357	柳瀬ダム	1	柳瀬ダム管理支所	9:00～17:00 （土・日・祝日を含む）	愛媛県	愛媛県四国中央市金砂町小川山乙1623-1	http://www.skr.mlit.go.jp/yoshino/
358	鹿野川ダム	1.1	鹿野川ダム管理庁舎	9:00～17:00 （土・日・祝日を含む） 土・日・祝日は管理庁舎入口のインターホンを押してください。	愛媛県	愛媛県大洲市肱川町山鳥坂280	http://www.skr.mlit.go.jp/yamatosa/gaiyou/kanogawa/pamphlet/index.html
359	石手川ダム	1	石手川ダム管理支所	9:00～17:00 （土・日・祝日を含む） 休日は管理支所入り口のインターホンを押してください。	愛媛県	愛媛県松山市宿野町乙69-3	http://www.skr.mlit.go.jp/matsuyam/river/ishitegawa/index.html
360	富郷ダム	1	富郷ダム管理所	8:30～17:00 （土・日・祝日含む） 休日は管理所玄関のインターホンを押してください。	愛媛県	愛媛県四国中央市富郷町津根山353-6	http://www.ikesou.jp
361	新宮ダム	1	新宮ダム管理所	8:30～17:00（土・日・祝日含む） 休日は管理所玄関のインターホンを押してください。	愛媛県	愛媛県四国中央市新宮町馬立1144番地	http://www.ikesou.jp
362	中筋川ダム	1	中筋川ダム管理庁舎	9:00～17:00 （土・日・祝日を含む） 休日は玄関のインターホンを押してください。	高知県	高知県宿毛市平田町黒川櫛ヶ崎山5312-48	http://www.skr.mlit.go.jp/nakasuji/
363	大渡ダム	1	大渡ダム管理所	9:00～17:00 （土・日・祝日を含む） 休日は玄関のインターホンを押してください。	高知県	高知県吾川郡仁淀川町高瀬3815	http://www.skr.mlit.go.jp/oodo/
364	早明浦ダム	1	早明浦ダム管理所	8:30～17:00 （土・日・祝日含む） 休日は管理所玄関のインターホンを押してください。	高知県	高知県土佐郡土佐町田井6591番地5	http://www.ikesou.jp
365	魚梁瀬ダム	1	高知電力所	9:00～17:00 （土、日、祝祭日、年末年始（12月29日～1月3日）は除く）	高知県	高知県安芸郡北川村長山１７７	http://www.jpower.co.jp/damcard/yanase.html
366	永瀬ダム	1	永瀬ダム管理事務所	８:30～17:15（土・日・祝日含む） （管理所玄関のインターホンを押してください。）	高知県	高知県香美市香北町永瀬１３２８－１	http://www.pref.kochi.lg.jp/soshiki/1701042/
367	寺内ダム	1	寺内ダム管理所	8:30～17:00（土・日・祝日含む） 休日は管理所玄関のインターホンを押してください。	福岡県	福岡県朝倉市荷原１５１６－６	http://www.water.go.jp/chikugo/terauchi/index.html
368	江川ダム	1.1	両筑平野用水総合事業所	8:30～17:00 （土・日・祝日含む） 休日は管理所玄関のインターホンを押してください。	福岡県	福岡県朝倉市江川１６６０－６７	http://www.water.go.jp/chikugo/ryochiku/
369	厳木ダム	1	厳木ダム管理支所	8:30～17:15（平日） 9:00～17:00（土・日・祝日）	佐賀県	佐賀県唐津市厳木町広瀬４４６－４	http://www.qsr.mlit.go.jp/kyuragi/
370	嘉瀬川ダム	1.1	嘉瀬川ダム管理支所	8:30～17:15 （土・日・祝日を含む） 休日は玄関のインターホンを押してください。	佐賀県	佐賀県佐賀市富士町大字畑瀬１－１	http://www.qsr.mlit.go.jp/kasegawa/
371	嘉瀬川ダム		ダムの駅富士しゃくなげの里	9:00～18:00 定休日：毎月第2水曜	佐賀県	佐賀県佐賀市富士町大字畑瀬１-３１	
372	緑川ダム	1	緑川ダム管理所	8:30～17:00 （土・日・祝日は除く）	熊本県	熊本県下益城郡美里町 畝野３４５６	http://www.qsr.mlit.go.jp/midori/
373	竜門ダム	1.1	竜門ダム管理支所	９:０0～1６:３０（土・日・祝日含む） 年末年始は除く(12月29日～1月3日)	熊本県	熊本県菊池市大字龍門870番地	http://www.qsr.mlit.go.jp/ryumon/
374	下筌ダム	1	下筌ダム管理支所	8:30～17:15（平日）　　　　　　　　　　　　　　　10:00～17:00（土・日・祝日）	熊本県	熊本県阿蘇郡小国町大字黒渕字鳥穴5827-3	http://www.qsr.mlit.go.jp/toukan/
375	松原ダム	1	松原ダム管理支所	8:30～17:15（平日）　　　　　　　　　　　　　　　10:00～17:00（土・日・祝日）	熊本県	大分県日田市大山町西大山8492-2	http://www.qsr.mlit.go.jp/toukan/
376	耶馬渓ダム	1.1	耶馬溪ダム分室	9:00～17:00（土・日・祝日は除く） 年末年始は除く(12月29日～1月3日)	熊本県	大分県中津市耶馬渓町大字柿坂１８０６－６	http://www.qsr.mlit.go.jp/yamakuni/
377	大山ダム	1	大山ダム管理室	8:30～17:00（土・日・祝日含む） 休日は管理所玄関のインターホンを押してください。	熊本県	大分県日田市大山町西大山2008-1	http://www.water.go.jp/chikugo/oyama/
378	鶴田ダム	1	鶴田ダム管理所	8:30～17:15 （土・日・祝日は除く）	鹿児島県	鹿児島県薩摩郡さつま町神子３９８８－２	http://www.qsr.mlit.go.jp/turuta/
379	鶴田ダム		大鶴ゆうゆう館 （無料休憩所、食事可能）	9:３0～17:00 （日・祝日は除く。臨時休館あり）	鹿児島県	鹿児島県薩摩郡さつま町神子３９８５－９	
380	羽地ダム	1	羽地ダム管理支所	8:30～17:15 （土・日・祝日含む）	沖縄県	沖縄県名護市字田井等１０１７－８	http://www.dc.ogb.go.jp/toukan/   
381	新川ダム	1	福地ダム管理支所	8:30～17:15 （土・日・祝日含む）	沖縄県	沖縄県国頭郡東村字川田中上原１１０５－１０８	http://www.dc.ogb.go.jp/toukan/
382	福地ダム	1	福地ダム管理支所	8:30～17:15 （土・日・祝日含む）	沖縄県	沖縄県国頭郡東村字川田中上原１１０５－１０８	http://www.dc.ogb.go.jp/toukan/
383	安波ダム	1	安波ダム管理支所	8:30～17:15 （土・日・祝日含む）	沖縄県	沖縄県国頭郡国頭村字安波川瀬原１３０１－２２	http://www.dc.ogb.go.jp/toukan/
384	漢那ダム	1	漢那ダム管理支所	8:30～17:15 （土・日・祝日含む）	沖縄県	沖縄県国頭郡宜野座村字漢那中山原２０１５－２	http://www.dc.ogb.go.jp/toukan/
385	普久川ダム	1	安波ダム管理支所	8:30～17:15 （土・日・祝日含む）	沖縄県	沖縄県国頭郡国頭村字安波川瀬原１３０１－２２	http://www.dc.ogb.go.jp/toukan/
386	辺野喜ダム	1	安波ダム管理支所	8:30～17:15 （土・日・祝日含む）	沖縄県	沖縄県国頭郡国頭村字安波川瀬原１３０１－２２	http://www.dc.ogb.go.jp/toukan/
387	大保ダム	1	大保ダム管理支所	8:30～17:15 （土・日・祝日含む）	沖縄県	沖縄県国頭郡大宜味村字田港１３５７－１８	http://www.dc.ogb.go.jp/toukan/
388	金武ダム	1	金武ダム管理支所	8:30～17:15 （土・日・祝日含む）	沖縄県	沖縄県国頭郡金武町字金武９９５９	http://www.dc.ogb.go.jp/toukan/　　　（５月９日更新予定）
393	大倉ダム	1	宮城県大倉ダム管理事務所	8:30～17:15（土・日・祝日を含む） 休日は管理事務所入り口のインターホンを押してください。	宮城県	宮城県仙台市青葉区大倉字高畑34-12	http://www.pref.miyagi.jp/snd-dam/
394	樽水ダム	1	宮城県仙台地方ダム総合事務所	8:30～17:15 （土・日・祝日・年末年始を除く）	宮城県	宮城県仙台市泉区将監十丁目37-4	http://www.pref.miyagi.jp/snd-dam/
395	七北田ダム	1	宮城県仙台地方ダム総合事務所	8:30～17:15 （土・日・祝日・年末年始を除く）	宮城県	宮城県仙台市泉区将監十丁目37-4	http://www.pref.miyagi.jp/snd-dam/
396	南川ダム	1	宮城県仙台地方ダム総合事務所	8:30～17:15 （土・日・祝日・年末年始を除く）	宮城県	宮城県仙台市泉区将監十丁目37-4	http://www.pref.miyagi.jp/snd-dam/
397	宮床ダム	1	宮城県仙台地方ダム総合事務所	8:30～17:15 （土・日・祝日・年末年始を除く）	宮城県	宮城県仙台市泉区将監十丁目37-4	http://www.pref.miyagi.jp/snd-dam/
398	惣の関ダム	1	宮城県仙台地方ダム総合事務所	8:30～17:15 （土・日・祝日・年末年始を除く）	宮城県	宮城県仙台市泉区将監十丁目37-4	http://www.pref.miyagi.jp/snd-dam/
399	花山ダム	1	宮城県栗原地方ダム総合事務所	9:00～16:00（土・日・祝日を含む） 休日は管理事務所入り口のインターホンを押してください。	宮城県	宮城県栗原市花山字本沢向原11	http://www.pref.miyagi.jp/kh-dam/
400	荒砥沢ダム	1	宮城県栗原地方ダム総合事務所	9:00～16:00（土・日・祝日を含む） 休日は管理事務所入り口のインターホンを押してください。	宮城県	宮城県栗原市花山字本沢向原11	http://www.pref.miyagi.jp/kh-dam/
401	小田ダム	1	宮城県栗原地方ダム総合事務所	9:00～16:00（土・日・祝日を含む） 休日は管理事務所入り口のインターホンを押してください。	宮城県	宮城県栗原市花山字本沢向原11	http://www.pref.miyagi.jp/kh-dam/
402	漆沢ダム	1	宮城県大崎地方ダム総合事務所	8:30 ～ １７：１５ （土・日・祝日・年末年始を除く）	宮城県	宮城県加美郡加美町城生字前田20	http://www.pref.miyagi.jp/osdam/
403	化女沼ダム	1	宮城県大崎地方ダム総合事務所	8:30 ～ １７：１５ （土・日・祝日・年末年始を除く）	宮城県	宮城県加美郡加美町城生字前田20	http://www.pref.miyagi.jp/osdam/
404	上大沢ダム	1	宮城県大崎地方ダム総合事務所	8:30 ～ １７：１５ （土・日・祝日・年末年始を除く）	宮城県	宮城県加美郡加美町城生字前田20	http://www.pref.miyagi.jp/osdam/
405	二ツ石ダム	1	宮城県大崎地方ダム総合事務所	8:30 ～ １７：１５ （土・日・祝日・年末年始を除く）	宮城県	宮城県加美郡加美町城生字前田20	http://www.pref.miyagi.jp/osdam/
406	岩堂沢ダム	1	宮城県大崎地方ダム総合事務所	8:30 ～ １７：１５ （土・日・祝日・年末年始を除く）	宮城県	宮城県加美郡加美町城生字前田20	http://www.pref.miyagi.jp/osdam/
407	水沼ダム	1	茨城県水沼ダム管理事務所	9:00～16:00 （土・日・祝日および年末年始を除く）	茨城県	茨城県北茨城市華川町小豆畑１５８６	http://www.pref.ibaraki.jp/bukyoku/doboku/01class/class06/dam/shoukai/mizunuma.html
408	小山ダム	1	茨城県小山ダム管理事務所	9:00～16:00 （土・日・祝日および年末年始を除く）	茨城県	茨城県高萩市横川１５３３－１	http://www.pref.ibaraki.jp/bukyoku/doboku/01class/class06/dam/shoukai/koyama.html
409	花貫ダム	1	茨城県花貫ダム管理事務所	9:00～16:00 （土・日・祝日および年末年始を除く）	茨城県	茨城県高萩市秋山字板木２９８９	http://www.pref.ibaraki.jp/bukyoku/doboku/01class/class06/dam/shoukai/hananuki.html
410	十王ダム	1	茨城県十王ダム管理事務所	9:00～16:00 （土・日・祝日および年末年始を除く）	茨城県	茨城県日立市十王町高原９－１	http://www.pref.ibaraki.jp/bukyoku/doboku/01class/class06/dam/shoukai/juou.html
411	西荒川ダム	1	栃木県西荒川ダム管理所	9:00～15:00（年末年始を除く） 管理所不在の場合は矢板土木事務所ダム管理部（0287-43-5224）へ連絡ください （土・日・祝日を除く）	栃木県	栃木県塩谷郡塩谷町大字上寺島字柄沢	http://www.pref.tochigi.lg.jp/h07/panhuretto.html
412	塩原ダム	1	栃木県塩原ダム管理所	9:00～15:00（年末年始を除く） 管理所不在の場合は矢板土木事務所ダム管理部（0287-43-5224）へ連絡ください （土・日・祝日を除く）	栃木県	栃木県那須塩原市金沢	http://www.pref.tochigi.lg.jp/h07/panhuretto.html
413	寺山ダム	1	栃木県寺山ダム管理所	9:00～15:00（年末年始を除く） 管理所不在の場合は矢板土木事務所ダム管理部（0287-43-5224）へ連絡ください （土・日・祝日を除く）	栃木県	栃木県矢板市長井字石切場	http://www.pref.tochigi.lg.jp/h07/panhuretto.html
414	東荒川ダム	1	栃木県東荒川ダム管理所	9:00～15:00（年末年始を除く） 管理所不在の場合は矢板土木事務所ダム管理部（0287-43-5224）へ連絡ください （土・日・祝日を除く）	栃木県	栃木県塩谷郡塩谷町大字上寺島１６１６－５	http://www.pref.tochigi.lg.jp/h07/panhuretto.html
415	中禅寺ダム	1	栃木県中禅寺ダム管理所	9:00～15:00（年末年始を除く） 管理所不在の場合は日光土木事務所保全部（0288-53-0174）へ連絡ください （土・日・祝日を除く）	栃木県	栃木県日光市中宮祠1128	http://www.pref.tochigi.lg.jp/h07/panhuretto.html
416	三河沢ダム	1	日光市役所栗山総合支所 湯西川支所	8:30～17:15（年末年始、土日祝祭日を除く） お問い合わせは日光土木事務所保全部 （0288-53-0174）にお願いします （土・日・祝日を除く）	栃木県	栃木県日光市湯西川709	http://www.pref.tochigi.lg.jp/h07/panhuretto.html
417	松田川ダム	1	栃木県松田川ダム管理所	10:00～14:00（年末年始を除く） 管理所不在の場合は安足土木事務所保全第一部 （0284-41-4100）へ連絡ください （土・日・祝日を除く）	栃木県	栃木県足利市松田町3450	http://www.pref.tochigi.lg.jp/h07/panhuretto.html
418	深山ダム	ー	栃木県那須広域ダム管理支所	9:00～16:00 （土・日・祝日・年末年始を除く）	栃木県	栃木県那須塩原市百村３０９２－１	http://www.pref.tochigi.lg.jp/g57/index.html
419	小網ダム	1	栃木県今市発電管理事務所小網ダム管理所	9:00～15:00（年末年始を除く） （0288－78－0232）	栃木県	栃木県日光市藤原字小網1073番地の1地先	http://www.pref.tochigi.lg.jp/j51/damcard/damcard.html
420	庚申ダム	1	庚申ダム管理所	9：00～15：00	栃木県	栃木県日光市足尾町字花柄山5501番1	http://www.pref.tochigi.lg.jp/j51/damcard/damcard.html
421	板室ダム	ー	栃木県那須広域ダム管理支所	9:00～16:00 （土・日・祝日・年末年始を除く）	栃木県	栃木県那須塩原市百村３０９２－１	http://www.pref.tochigi.lg.jp/g57/index.html
422	佐貫頭首工	1	栃木県今市発電管理事務所　佐貫ダム管理所	9:00～15:00（年末年始を除く） （0287－47－0816）	栃木県	栃木県塩谷郡塩谷町佐貫	http://www.pref.tochigi.lg.jp/j51/damcard/damcard.html
423	中木ダム	1	安中市役所　谷津庁舎	8:30～17:15 （土・日・祝日および年末年始を除く）	群馬県	群馬県安中市安中二丁目１１－２４	http://www.water-usui.jp/
424	大滝ダム	1	大滝ダム管理支所	9:00～17:00 （土・日・祝日を含む）	奈良県	奈良県吉野郡川上村大字大滝1051	http://www.kkr.mlit.go.jp/kinokawa/index.php
425	川口ダム	1	徳島県統合管理事務所ダム管理課	9:00～17:00 （土・日・祝日は除く）	徳島県	徳島県那賀郡那賀町吉野字イヤ谷７２－１	http://www.pref.tokushima.jp/kigyoukyoku/new-info/damucard.html
426	有田ダム	2	佐賀県有田ダム管理所	9:00～17:00 （土・日・祝日および年末年始を除く） 職員が不在の場合は玄関付近の張り紙をお読み下さい。	佐賀県	佐賀県西松浦郡有田町白川1873	http://www.pref.saga.lg.jp/web/kurashi/_1261/kk-damu/damu.html
427	岩屋川内ダム	1	佐賀県岩屋川内ダム管理所	9:00～17:00 （土・日・祝日および年末年始を除く） 職員が不在の場合は玄関付近の張り紙をお読み下さい。	佐賀県	佐賀県嬉野市嬉野町大字岩屋川内乙4487-33	http://www.pref.saga.lg.jp/web/kurashi/_1261/kk-damu/damu.html
428	竜門ダム	1	佐賀県竜門ダム管理所	9:00～17:00 （土・日・祝日および年末年始を除く） 職員が不在の場合は玄関付近の張り紙をお読み下さい。	佐賀県	佐賀県西松浦郡有田町広瀬山甲2285	http://www.pref.saga.lg.jp/web/kurashi/_1261/kk-damu/damu.html
429	伊岐佐ダム	2	佐賀県伊岐佐ダム管理所	9:00～17:00 （土・日・祝日および年末年始を除く） 職員が不在の場合は玄関付近の張り紙をお読み下さい。	佐賀県	佐賀県唐津市相知町伊岐佐490-126	http://www.pref.saga.lg.jp/web/kurashi/_1261/kk-damu/damu.html
430	平木場ダム	2	佐賀県平木場ダム管理所	9:00～17:00 （土・日・祝日および年末年始を除く） 職員が不在の場合は玄関付近の張り紙をお読み下さい。	佐賀県	佐賀県唐津市神田1022-1	http://www.pref.saga.lg.jp/web/kurashi/_1261/kk-damu/damu.html
431	本部ダム	1	佐賀県本部ダム管理所	9:00～17:00 （土・日・祝日および年末年始を除く） 職員が不在の場合は玄関付近の張り紙をお読み下さい。	佐賀県	佐賀県武雄市若木町本部字井口17376-39	http://www.pref.saga.lg.jp/web/kurashi/_1261/kk-damu/damu.html
432	深浦ダム	1	佐賀県深浦ダム管理所	9:00～17:00 （土・日・祝日および年末年始を除く） 職員が不在の場合は玄関付近の張り紙をお読み下さい。	佐賀県	佐賀県杵島郡白石町深浦5367-24	http://www.pref.saga.lg.jp/web/kurashi/_1261/kk-damu/damu.html
433	矢筈ダム	1	佐賀県矢筈ダム管理所	9:00～17:00 （土・日・祝日および年末年始を除く） 職員が不在の場合は玄関付近の張り紙をお読み下さい。	佐賀県	佐賀県武雄市西川登町神六字野田28946	http://www.pref.saga.lg.jp/web/kurashi/_1261/kk-damu/damu.html
434	横竹ダム	1	佐賀県横竹ダム管理所	9:00～17:00 （土・日・祝日および年末年始を除く） 職員が不在の場合は玄関付近の張り紙をお読み下さい。	佐賀県	佐賀県嬉野市嬉野町吉田乙4997	http://www.pref.saga.lg.jp/web/kurashi/_1261/kk-damu/damu.html
435	狩立･日ﾉ峯ダム	1	佐賀県狩立･日ノ峯ダム管理所	9:00～17:00 （土・日・祝日および年末年始を除く） 職員が不在の場合は玄関付近の張り紙をお読み下さい。	佐賀県	佐賀県武雄市山内町宮野22596	http://www.pref.saga.lg.jp/web/kurashi/_1261/kk-damu/damu.html
436	都川内ダム	2	佐賀県都川内ダム管理所	9:00～17:00 （土・日・祝日および年末年始を除く） 職員が不在の場合は玄関付近の張り紙をお読み下さい。	佐賀県	佐賀県伊万里市大坪町丙493-3	http://www.pref.saga.lg.jp/web/kurashi/_1261/kk-damu/damu.html
437	中木庭ダム	2	佐賀県中木庭ダム管理所	9:00～17:00 （土・日・祝日および年末年始を除く） 職員が不在の場合は玄関付近の張り紙をお読み下さい。	佐賀県	佐賀県鹿島市大字山浦丙2551-4	http://www.pref.saga.lg.jp/web/kurashi/_1261/kk-damu/damu.html
438	井手口川ダム	2	佐賀県井手口川ダム管理所	9:00～17:00 （土・日・祝日および年末年始を除く） 職員が不在の場合は玄関付近の張り紙をお読み下さい。	佐賀県	佐賀県伊万里市大川町大字東田代66-1	http://www.pref.saga.lg.jp/web/kurashi/_1261/kk-damu/damu.html
439	金城ダム	1.4	金城ダム管理所	9:３0～17:00（土・日・祝日含む） 年末年始（12月29日～1月3日）は除く	沖縄県	沖縄県那覇市繁多川4丁目553-2	http://www.pref.okinawa.jp/site/doboku/damu/kanri/kinjo.html
440	倉敷ダム	3	倉敷ダム管理所	9:00～17:00（土・日・祝日含む） 年末年始（12月29日～1月3日）は除く	沖縄県	沖縄県うるま市石川楚南879-1	http://www.pref.okinawa.jp/site/doboku/damu/kanri/kurashiki.html